ordinal,snippet_id,shared_non_generated_cells_equal,execution_outputs_clear,primary_generated_wrapper_present_all_conditions,has_l1_marker,has_l2_marker,has_l3_marker
1,05afd878_evaluate_coassembly_edges,yes,yes,yes,yes,yes,yes
2,05afd878_evaluate_combined,yes,yes,yes,yes,yes,yes
3,05afd878_evaluate_nontarget,yes,yes,yes,yes,yes,yes
4,05afd878_evaluate_unbinned,yes,yes,yes,yes,yes,yes
5,0ffdf231_noaa_ghcn_inventory,yes,yes,yes,yes,yes,yes
6,0ffdf231_noaa_ghcn_stations,yes,yes,yes,yes,yes,yes
7,142b5bcb_tools_relocate,yes,yes,yes,yes,yes,yes
8,16645382_exp_stats_col_assign,yes,yes,yes,yes,yes,yes
9,16645382_exp_stats_rename,yes,yes,yes,yes,yes,yes
10,1e52b4e7_concat_to_frame,yes,yes,yes,yes,yes,yes
11,1ec015da_to_rank,yes,yes,yes,yes,yes,yes
12,1f8af3a3_target_elusive_sample_pairs,yes,yes,yes,yes,yes,yes
13,1f8af3a3_target_elusive_sparse_edges,yes,yes,yes,yes,yes,yes
14,1f8af3a3_target_elusive_unbinned,yes,yes,yes,yes,yes,yes
15,287a28d8_col_ends_with,yes,yes,yes,yes,yes,yes
16,287a28d8_col_matches,yes,yes,yes,yes,yes,yes
17,287a28d8_col_starts_with,yes,yes,yes,yes,yes,yes
18,29097c0c_to_dataset_read_wrap,yes,yes,yes,yes,yes,yes
19,29097c0c_train_iloc_filter,yes,yes,yes,yes,yes,yes
20,29097c0c_train_merge_concat,yes,yes,yes,yes,yes,yes
21,325e7c2b_dates_pol_interval,yes,yes,yes,yes,yes,yes
22,3c49cad1_bench_interp_cols,yes,yes,yes,yes,yes,yes
23,3c49cad1_bench_interp_filter,yes,yes,yes,yes,yes,yes
24,3c49cad1_bench_interp_time_regular,yes,yes,yes,yes,yes,yes
25,3c49cad1_bench_interp_time_rmse,yes,yes,yes,yes,yes,yes
26,3c49cad1_bench_precip_pct,yes,yes,yes,yes,yes,yes
27,3c49cad1_bench_precip_regular,yes,yes,yes,yes,yes,yes
28,3c49cad1_geosphere_all,yes,yes,yes,yes,yes,yes
29,3c49cad1_geosphere_collect,yes,yes,yes,yes,yes,yes
30,3c49cad1_mosmix_access_dataframe,yes,yes,yes,yes,yes,yes
31,3c49cad1_mosmix_access_datetime,yes,yes,yes,yes,yes,yes
32,3c49cad1_radar_index_radolan,yes,yes,yes,yes,yes,yes
33,3c49cad1_radar_index_sweeps,yes,yes,yes,yes,yes,yes
34,3c49cad1_radar_sites_cols,yes,yes,yes,yes,yes,yes
35,3c49cad1_radar_sites_dicts,yes,yes,yes,yes,yes,yes
36,3c49cad1_timeseries_extract,yes,yes,yes,yes,yes,yes
37,3c49cad1_timeseries_gain,yes,yes,yes,yes,yes,yes
38,4bb33aa8_trx_stats_isin,yes,yes,yes,yes,yes,yes
39,6f1c2684_datasets_read_csv,yes,yes,yes,yes,yes,yes
40,73a39d90_experiment_df_construct,yes,yes,yes,yes,yes,yes
41,73a39d90_metrics_bootstrap_filter,yes,yes,yes,yes,yes,yes
42,73a39d90_metrics_groupby_agg,yes,yes,yes,yes,yes,yes
43,73a39d90_metrics_groupby_partition,yes,yes,yes,yes,yes,yes
44,73a39d90_run_concat_write,yes,yes,yes,yes,yes,yes
45,73a39d90_run_dataframe_write,yes,yes,yes,yes,yes,yes
46,774f17e7_mane_mappings_filter_symbol,yes,yes,yes,yes,yes,yes
47,774f17e7_mane_mappings_genomic_filter,yes,yes,yes,yes,yes,yes
48,774f17e7_mane_mappings_isin,yes,yes,yes,yes,yes,yes
49,774f17e7_mane_mappings_load,yes,yes,yes,yes,yes,yes
50,774f17e7_mane_transcript_filter_row,yes,yes,yes,yes,yes,yes
51,774f17e7_mane_transcript_parse_ac,yes,yes,yes,yes,yes,yes
52,774f17e7_uta_database_construct,yes,yes,yes,yes,yes,yes
53,7e55b00b_sample_empty_df,yes,yes,yes,yes,yes,yes
54,8017f91b_embedder_frame,yes,yes,yes,yes,yes,yes
55,8017f91b_eval_hybrid_concat_sort,yes,yes,yes,yes,yes,yes
56,8017f91b_eval_hybrid_load,yes,yes,yes,yes,yes,yes
57,8017f91b_hybrid_score_concat,yes,yes,yes,yes,yes,yes
58,8017f91b_hybrid_score_frame,yes,yes,yes,yes,yes,yes
59,8017f91b_input_loc_col,yes,yes,yes,yes,yes,yes
60,8017f91b_input_loc_index_item,yes,yes,yes,yes,yes,yes
61,8017f91b_io_parquet,yes,yes,yes,yes,yes,yes
62,8017f91b_model_data_lang_loc_filter,yes,yes,yes,yes,yes,yes
63,8017f91b_model_data_loc_filter,yes,yes,yes,yes,yes,yes
64,8017f91b_pairwise_cosine_loc,yes,yes,yes,yes,yes,yes
65,8017f91b_pairwise_loc_filter,yes,yes,yes,yes,yes,yes
66,8017f91b_precompute_cross_join,yes,yes,yes,yes,yes,yes
67,8017f91b_precompute_id_cross_frame,yes,yes,yes,yes,yes,yes
68,83c12695_collect_filter,yes,yes,yes,yes,yes,yes
69,83c12695_collect_pivot,yes,yes,yes,yes,yes,yes
70,8bb7bc3a_expose_isin,yes,yes,yes,yes,yes,yes
71,8c71f3c7_attr_getter_unseen_frame,yes,yes,yes,yes,yes,yes
72,8c71f3c7_attr_getter_unseen_iter,yes,yes,yes,yes,yes,yes
73,8c71f3c7_citation_models_fillna,yes,yes,yes,yes,yes,yes
74,8c71f3c7_citation_models_rank,yes,yes,yes,yes,yes,yes
75,8c71f3c7_document_info_tolist,yes,yes,yes,yes,yes,yes
76,8c71f3c7_embedder_frame,yes,yes,yes,yes,yes,yes
77,8c71f3c7_hybrid_score_concat,yes,yes,yes,yes,yes,yes
78,8c71f3c7_hybrid_scorer_citation_index,yes,yes,yes,yes,yes,yes
79,8c71f3c7_hybrid_scorer_language_index,yes,yes,yes,yes,yes,yes
80,8c71f3c7_input_converter_index,yes,yes,yes,yes,yes,yes
81,8c71f3c7_input_converter_loc,yes,yes,yes,yes,yes,yes
82,8c71f3c7_model_choice_load,yes,yes,yes,yes,yes,yes
83,8c71f3c7_pairwise_loc_colname,yes,yes,yes,yes,yes,yes
84,8c71f3c7_pairwise_loc_item,yes,yes,yes,yes,yes,yes
85,8c71f3c7_precompute_df_construct,yes,yes,yes,yes,yes,yes
86,8c71f3c7_s4_combine_load_concat_write,yes,yes,yes,yes,yes,yes
87,8c71f3c7_s8_combine_load_concat_write,yes,yes,yes,yes,yes,yes
88,92e35040_query_appraised,yes,yes,yes,yes,yes,yes
89,92e35040_query_binned_unbinned,yes,yes,yes,yes,yes,yes
90,92e35040_query_write_csv,yes,yes,yes,yes,yes,yes
91,99aff9e0_rename_columns_empty_df,yes,yes,yes,yes,yes,yes
92,a39f4527_expose_trx_join_filter,yes,yes,yes,yes,yes,yes
93,a39f4527_expose_trx_left_join_fill,yes,yes,yes,yes,yes,yes
94,a39f4527_expose_trx_pivot,yes,yes,yes,yes,yes,yes
95,a39f4527_expose_trx_unique,yes,yes,yes,yes,yes,yes
96,a52cebfe_common_get_observations,yes,yes,yes,yes,yes,yes
97,a52cebfe_common_summary_filter,yes,yes,yes,yes,yes,yes
98,a52cebfe_es_update_pivot_join,yes,yes,yes,yes,yes,yes
99,a52cebfe_es_update_scaling_factors,yes,yes,yes,yes,yes,yes
100,a52cebfe_measured_data_pivot_join,yes,yes,yes,yes,yes,yes
101,a52cebfe_rft_concat_write,yes,yes,yes,yes,yes,yes
102,a52cebfe_rft_obs_join,yes,yes,yes,yes,yes,yes
103,a841955a_summarise_select,yes,yes,yes,yes,yes,yes
104,a841955a_summarise_unmapped,yes,yes,yes,yes,yes,yes
105,acryo_loader_corr_max_with_columns_migration,yes,yes,yes,yes,yes,yes
106,acryo_loader_get_features_migration,yes,yes,yes,yes,yes,yes
107,acryo_loader_scores_with_columns_migration,yes,yes,yes,yes,yes,yes
108,acryo_loader_update_features_migration,yes,yes,yes,yes,yes,yes
109,acryo_molecules_concat_migration,yes,yes,yes,yes,yes,yes
110,acryo_molecules_from_csv_migration,yes,yes,yes,yes,yes,yes
111,acryo_molecules_rotation_copy_migration,yes,yes,yes,yes,yes,yes
112,acryo_molecules_subset_migration,yes,yes,yes,yes,yes,yes
113,acryo_molecules_to_csv_migration,yes,yes,yes,yes,yes,yes
114,acryo_molecules_to_dataframe_migration,yes,yes,yes,yes,yes,yes
115,acryo_molecules_translation_copy_migration,yes,yes,yes,yes,yes,yes
116,adjacency_create_matrix_loop,yes,yes,yes,yes,yes,yes
117,adjacency_read_file_to_polars,yes,yes,yes,yes,yes,yes
118,azure_ocr_concat_lazy,yes,yes,yes,yes,yes,yes
119,azure_ocr_from_dicts,yes,yes,yes,yes,yes,yes
120,b36214f9_preprocess_attrs_registry,yes,yes,yes,yes,yes,yes
121,b36214f9_preprocess_columns_tolist,yes,yes,yes,yes,yes,yes
122,b36214f9_preprocess_shape_rename,yes,yes,yes,yes,yes,yes
123,b36214f9_session_dropna_unique,yes,yes,yes,yes,yes,yes
124,b36214f9_session_read_csv,yes,yes,yes,yes,yes,yes
125,bbe5d7e5_create_data_frame,yes,yes,yes,yes,yes,yes
126,bbe5d7e5_datasets_read_csv,yes,yes,yes,yes,yes,yes
127,cb25a1c5_wsv_pegel,yes,yes,yes,yes,yes,yes
128,d90ed416_ibis_filter,yes,yes,yes,yes,yes,yes
129,d90ed416_ibis_isin,yes,yes,yes,yes,yes,yes
130,d90ed416_ibis_join,yes,yes,yes,yes,yes,yes
131,db5fc12b_expose_date_str,yes,yes,yes,yes,yes,yes
132,db5fc12b_expose_rename,yes,yes,yes,yes,yes,yes
133,dcff23d0_filter_concat_all,yes,yes,yes,yes,yes,yes
134,e3227f4f_split_empty_df,yes,yes,yes,yes,yes,yes
135,e8fa7691_design_matrix_model,yes,yes,yes,yes,yes,yes
136,ed3b46c0_base_pattern_iloc,yes,yes,yes,yes,yes,yes
137,ed3b46c0_base_pattern_pred_concat,yes,yes,yes,yes,yes,yes
138,ed3b46c0_classification_iloc,yes,yes,yes,yes,yes,yes
139,ed3b46c0_classification_pred_concat,yes,yes,yes,yes,yes,yes
140,efc0581f_azure_concat_lazy,yes,yes,yes,yes,yes,yes
141,efc0581f_azure_from_dicts,yes,yes,yes,yes,yes,yes
142,efc0581f_data_assign_bbox,yes,yes,yes,yes,yes,yes
143,efc0581f_data_filter_page,yes,yes,yes,yes,yes,yes
144,efc0581f_data_groupby_agg_text,yes,yes,yes,yes,yes,yes
145,efc0581f_data_merge_cross,yes,yes,yes,yes,yes,yes
146,efc0581f_dedup_nested_cross_join,yes,yes,yes,yes,yes,yes
147,efc0581f_dedup_redundant_filter,yes,yes,yes,yes,yes,yes
148,efc0581f_dedup_vertical_sort_cumcount,yes,yes,yes,yes,yes,yes
149,efc0581f_ident_explode_cells,yes,yes,yes,yes,yes,yes
150,efc0581f_ident_from_dicts_cross,yes,yes,yes,yes,yes,yes
151,efc0581f_ident_with_columns_conditions,yes,yes,yes,yes,yes,yes
152,efc0581f_lines_filter_words,yes,yes,yes,yes,yes,yes
153,efc0581f_lines_from_dicts_lazy,yes,yes,yes,yes,yes,yes
154,efc0581f_lines_groupby_filter,yes,yes,yes,yes,yes,yes
155,efc0581f_pdf_concat_lazy,yes,yes,yes,yes,yes,yes
156,efc0581f_pdf_from_dicts,yes,yes,yes,yes,yes,yes
157,efc0581f_tesseract_concat_lazy,yes,yes,yes,yes,yes,yes
158,efc0581f_tesseract_from_dicts,yes,yes,yes,yes,yes,yes
159,efc0581f_tesseract_nan_none,yes,yes,yes,yes,yes,yes
160,efc0581f_textract_concat_lazy,yes,yes,yes,yes,yes,yes
161,efc0581f_textract_from_dicts,yes,yes,yes,yes,yes,yes
162,efc0581f_vision_concat_lazy,yes,yes,yes,yes,yes,yes
163,efc0581f_vision_from_dicts,yes,yes,yes,yes,yes,yes
164,f11c29ae_dataset_df_clone,yes,yes,yes,yes,yes,yes
165,f11c29ae_dataset_loc_select,yes,yes,yes,yes,yes,yes
166,f11c29ae_dataset_save_load,yes,yes,yes,yes,yes,yes
167,f11c29ae_dataset_to_pandas,yes,yes,yes,yes,yes,yes
168,img2table_aws_textract_concat_lazy_migration,yes,yes,yes,yes,yes,yes
169,img2table_aws_textract_list_dfs_migration,yes,yes,yes,yes,yes,yes
170,img2table_azure_concat_lazy_migration,yes,yes,yes,yes,yes,yes
171,img2table_azure_list_dfs_migration,yes,yes,yes,yes,yes,yes
172,img2table_cells_adjacent_redundant_migration,yes,yes,yes,yes,yes,yes
173,img2table_cells_clone_rename_migration,yes,yes,yes,yes,yes,yes
174,img2table_cells_contained_migration,yes,yes,yes,yes,yes,yes
175,img2table_cells_cross_join_filter_migration,yes,yes,yes,yes,yes,yes
176,img2table_cells_intersection_area_migration,yes,yes,yes,yes,yes,yes
177,img2table_cells_overlap_diff_migration,yes,yes,yes,yes,yes,yes
178,img2table_cells_redundant_removal_migration,yes,yes,yes,yes,yes,yes
179,img2table_cells_vertical_deduplication_migration,yes,yes,yes,yes,yes,yes
180,img2table_cells_width_height_area_migration,yes,yes,yes,yes,yes,yes
181,img2table_google_vision_concat_lazy_migration,yes,yes,yes,yes,yes,yes
182,img2table_google_vision_list_dfs_migration,yes,yes,yes,yes,yes,yes
183,img2table_lines_cross_join_migration,yes,yes,yes,yes,yes,yes
184,img2table_lines_df_lines_creation_migration,yes,yes,yes,yes,yes,yes
185,img2table_lines_filter_words_migration,yes,yes,yes,yes,yes,yes
186,img2table_lines_groupby_sum_migration,yes,yes,yes,yes,yes,yes
187,img2table_lines_intersection_assignment_migration,yes,yes,yes,yes,yes,yes
188,img2table_lines_intersection_formula_migration,yes,yes,yes,yes,yes,yes
189,img2table_lines_intersection_lines_filter_migration,yes,yes,yes,yes,yes,yes
190,img2table_pdf_concat_lazy_migration,yes,yes,yes,yes,yes,yes
191,img2table_pdf_list_dfs_migration,yes,yes,yes,yes,yes,yes
192,marimo_chdb_cursor_rows,yes,yes,yes,yes,yes,yes
193,medmodels_classic_distance_covariates_select_migration,yes,yes,yes,yes,yes,yes
194,medmodels_classic_distance_match_migration,yes,yes,yes,yes,yes,yes
195,medmodels_medrecord_process_edges_dataframe_migration,yes,yes,yes,yes,yes,yes
196,medmodels_medrecord_process_nodes_dataframe_migration,yes,yes,yes,yes,yes,yes
197,medmodels_propensity_score_prop_score_migration,yes,yes,yes,yes,yes,yes
198,medmodels_propensity_score_signature_migration,yes,yes,yes,yes,yes,yes
199,mexca_data_delete_filename_time_col_migration,yes,yes,yes,yes,yes,yes
200,mexca_data_merge_audio_text_features_migration,yes,yes,yes,yes,yes,yes
201,mexca_data_merge_features_migration,yes,yes,yes,yes,yes,yes
202,mexca_data_merge_video_annotation_migration,yes,yes,yes,yes,yes,yes
203,mexca_data_merge_voice_features_migration,yes,yes,yes,yes,yes,yes
204,mpds_get_dataframe,yes,yes,yes,yes,yes,yes
205,pheval_gene_identifier_map,yes,yes,yes,yes,yes,yes
206,pheval_gene_updater_find_identifier,yes,yes,yes,yes,yes,yes
207,pheval_gene_updater_find_symbol,yes,yes,yes,yes,yes,yes
208,pheval_parse_hgnc_data,yes,yes,yes,yes,yes,yes
209,portfolio_momentum_roc,yes,yes,yes,yes,yes,yes
210,portfolio_momentum_rsi,yes,yes,yes,yes,yes,yes
211,portfolio_momentum_stoch_osc,yes,yes,yes,yes,yes,yes
212,portfolio_momentum_stoch_rsi,yes,yes,yes,yes,yes,yes
213,portfolio_stock_from_pandas,yes,yes,yes,yes,yes,yes
214,portfolio_stock_to_dict,yes,yes,yes,yes,yes,yes
215,quant_backtester_calculate_returns_migration,yes,yes,yes,yes,yes,yes
216,quant_backtester_performance_metrics_migration,yes,yes,yes,yes,yes,yes
217,quant_trading_strategy_backtester_data_load_yfinance_data_two_tickers_migration,yes,yes,yes,yes,yes,yes
218,readnext_hybrid_score_compare_scores_migration,yes,yes,yes,yes,yes,yes
219,readnext_hybrid_score_to_frame_migration,yes,yes,yes,yes,yes,yes
220,scoring_compare_methylation_pattern_migration,yes,yes,yes,yes,yes,yes
221,scoring_compare_methylation_pattern_multiprocessed_migration,yes,yes,yes,yes,yes,yes
222,scoring_define_mean_methylation_thresholds_migration,yes,yes,yes,yes,yes,yes
223,scoring_process_bin_contig_merge_migration,yes,yes,yes,yes,yes,yes
224,src_onemod_utils_parameters_create_params_migration,yes,yes,yes,yes,yes,yes
225,src_onemod_utils_parameters_get_params_migration,yes,yes,yes,yes,yes,yes
226,tesseract_ocr_concat_lazy,yes,yes,yes,yes,yes,yes
227,tesseract_ocr_from_dicts,yes,yes,yes,yes,yes,yes
228,ultralytics_benchmarks_config,yes,yes,yes,yes,yes,yes
229,ultralytics_benchmarks_dataframe,yes,yes,yes,yes,yes,yes
230,ultralytics_benchmarks_metrics,yes,yes,yes,yes,yes,yes
231,ultralytics_trainer_read_csv,yes,yes,yes,yes,yes,yes
232,ultralytics_wb_custom_table,yes,yes,yes,yes,yes,yes
233,visivo_sqlalchemy_read_sql,yes,yes,yes,yes,yes,yes
234,vnc_cmatrix_loc_filter_item,yes,yes,yes,yes,yes,yes
235,vnc_cmatrix_lookup_init,yes,yes,yes,yes,yes,yes
236,vnc_cmatrix_reindex,yes,yes,yes,yes,yes,yes
237,vnc_cmatrix_sort_tolist,yes,yes,yes,yes,yes,yes
238,vnc_cmatrix_uid_to_index,yes,yes,yes,yes,yes,yes
