ordinal,snippet_id,shared_source_read,baseline_generated_read,exp1_generated_read,exp2_generated_read,exp3_generated_read,H1_variable_or_input_mismatch,H2_cross_library_fixture_type,H3_missing_outer_context,H4_side_effect_not_observed,H5_generated_only_L3,H6_empty_schema_problem,H7_join_suffix_artifact,H8_serialization_mismatch,H9_wrong_or_missing_observable,verdict,evidence,action
1,05afd878_evaluate_coassembly_edges,yes,yes,yes,yes,yes,no,no,no,no,no,no,no,no,no,clean,"The pandas fixture represents sample as an index and the Polars fixture represents the same key as a column; L1, L2, and L3 exercise both implementations, and empty inputs retain schema.",none
2,05afd878_evaluate_combined,yes,yes,yes,yes,yes,no,no,no,no,yes,no,no,no,no,repair,"L3 calls only gen_evaluate_combined with empty Polars inputs and reports whether it crashed; the pandas oracle is not run and outputs are not compared.","Run before_evaluate_combined on equivalent empty pandas inputs and compare both outputs."
3,05afd878_evaluate_nontarget,yes,yes,yes,yes,yes,no,no,no,no,no,no,no,no,no,clean,"The pandas-index and Polars-key fixtures are semantically paired; both sides are run at L1, L2, and L3, and mutable pandas inputs are copied.",none
4,05afd878_evaluate_unbinned,yes,yes,yes,yes,yes,no,no,no,no,yes,no,no,no,no,repair,"L3 calls only gen_evaluate_unbinned on an explicitly typed empty Polars DataFrame; no equivalent pandas-oracle call or comparison is present.","Add the equivalent empty pandas input, run before_evaluate_unbinned, and compare outputs."
5,0ffdf231_noaa_ghcn_inventory,yes,yes,yes,yes,yes,no,no,no,no,no,no,no,no,no,clean,"Both implementations receive the same temporary fixed-width text file; L1, L2, and the single-row L3 execute the oracle and generated wrapper.",none
6,0ffdf231_noaa_ghcn_stations,yes,yes,yes,yes,yes,no,no,no,no,no,no,no,no,no,clean,"Both implementations receive the same temporary station text file; L2 and L3 execute and compare both sides.",none
7,142b5bcb_tools_relocate,yes,yes,yes,yes,yes,no,no,no,no,no,no,no,no,no,clean,"The harness invokes the function returned by each wrapper and compares column order across normal, branch, and error cases using paired pandas and Polars frames.",none
8,16645382_exp_stats_col_assign,yes,yes,yes,yes,yes,no,no,no,no,no,no,no,no,no,clean,"Although the oracle returns None after mutating its input, L2 and L3 compare the mutated pandas DataFrame with the generated Polars result.",none
9,16645382_exp_stats_rename,yes,yes,yes,yes,yes,no,no,no,no,no,no,no,no,no,clean,"L2 compares both returned frames and L3 uses equivalent schema-bearing empty pandas and Polars frames.",none
10,1e52b4e7_concat_to_frame,yes,yes,yes,yes,yes,no,no,no,no,no,no,no,no,no,clean,"The dataset-like fixture deliberately exposes equivalent to_pandas and to_polars methods; both implementations receive the same logical datasets and are compared, including empty-list rejection.",none
11,1ec015da_to_rank,yes,yes,yes,yes,yes,no,yes,no,no,yes,no,no,no,no,repair,"All generated wrappers are given pandas Series instead of equivalent Polars Series. The purported L3 case then reuses the normal Series inputs, runs only generated code, and prints that the edge case was skipped.","Create paired pandas and Polars Series fixtures; run and compare both implementations on schema-bearing empty Series in L3."
12,1f8af3a3_target_elusive_sample_pairs,yes,yes,yes,yes,yes,no,no,no,no,no,no,no,no,no,clean,"The helper functions accept the paired pandas and Polars group representations; taxonomy and unbinned fixtures encode the same keys and both sides are compared in L2 and L3.",none
13,1f8af3a3_target_elusive_sparse_edges,yes,yes,yes,yes,yes,no,no,no,no,no,no,no,no,no,clean,"Paired pandas and Polars frames are used and both standard and duplicate-group aggregation outputs are compared.",none
14,1f8af3a3_target_elusive_unbinned,yes,yes,yes,yes,yes,no,no,no,no,no,no,no,no,no,clean,"The mutating pandas input is copied; the returned indexed Series is converted with its target index preserved and compared with the Polars target column.",none
15,287a28d8_col_ends_with,yes,yes,yes,yes,yes,no,no,no,no,no,no,no,no,no,clean,"Equivalent pandas and Polars column schemas are supplied; scalar and tuple suffixes and empty-row behavior are compared directly as lists.",none
16,287a28d8_col_matches,yes,yes,yes,yes,yes,no,no,no,no,no,no,no,no,no,clean,"Both outputs and kwargs-mutation behavior are compared across regex, literal, case, and flags branches using paired fixtures.",none
17,287a28d8_col_starts_with,yes,yes,yes,yes,yes,no,no,no,no,no,no,no,no,no,clean,"The returned functions are invoked on paired frames and list outputs are compared for normal, no-match, empty-row, and tuple-prefix cases.",none
18,29097c0c_to_dataset_read_wrap,yes,yes,yes,yes,yes,no,no,no,no,yes,no,no,no,yes,repair,"L2 passes the returned function objects to compare, so it does not execute or observe make_lenta. A later paired L3 branch does inspect the saved Dataset, while a separate generated-only L3 case merely skips.","Execute the returned functions and compare saved DataFrame plus metadata in L2; remove the generated-only automatic skip and reserve L3 for a real paired edge case."
19,29097c0c_train_iloc_filter,yes,yes,yes,yes,yes,no,yes,no,no,yes,no,no,no,no,repair,"The shared cds.Dataset fixture always slices df with pandas syntax and .iloc even when a generated wrapper supplies a Polars DataFrame, so it can create a harness failure. L3 runs only generated code and then reports skip.","Make Dataset backend-aware and expose matching pandas/Polars X, y, and w objects; replace the generated-only skip with a paired edge case."
20,29097c0c_train_merge_concat,yes,yes,yes,yes,yes,no,no,no,no,yes,no,no,no,no,repair,"L1 and L2 use paired inputs, but the empty-base_dfs L3 invokes only gen_train_merge_concat and never compares the pandas oracle.","Run before_train_merge_concat with an empty pandas list and compare it with the generated result from an empty Polars list."
21,325e7c2b_dates_pol_interval,yes,yes,yes,yes,yes,no,no,no,no,yes,no,no,no,no,repair,"The substantive duration and scalar cases are paired, but a separate L3 wrapper-construction block invokes only gen_dates_pol_interval and can add a generated-only success observation.","Remove the redundant generated-only wrapper-construction L3 block."
22,3c49cad1_bench_interp_cols,yes,yes,yes,yes,yes,no,no,no,no,yes,no,no,no,no,repair,"L2 correctly checks all three extracted local lists, but the empty-request L3 executes only the generated wrapper.","Run the pandas oracle on an equivalent empty request and compare all extracted lists on both sides."
23,3c49cad1_bench_interp_filter,yes,yes,yes,yes,yes,no,no,no,no,yes,no,no,no,no,repair,"A paired no-match oracle test exists, but it is preceded by a redundant generated-only L3 no-match block.","Delete the generated-only duplicate and retain the paired no-match L3 case."
24,3c49cad1_bench_interp_time_regular,yes,yes,yes,yes,yes,no,no,no,no,no,no,no,no,no,clean,"Normal, multi-station, null, and all-null cases use equivalent pandas and Polars frames; the all-null case verifies that both implementations reject the input.",none
25,3c49cad1_bench_interp_time_rmse,yes,yes,yes,yes,yes,no,no,no,no,no,no,no,no,no,clean,"The returned RMSE helpers are actually invoked with paired pandas and Polars Series in both standard and null-containing cases.",none
26,3c49cad1_bench_precip_pct,yes,yes,yes,yes,yes,no,no,no,no,yes,no,no,no,no,repair,"The empty-input behavior is later compared with the oracle, but an earlier duplicate L3 block runs only generated code and hard-codes an expected zero.","Remove the generated-only hard-coded block and retain the oracle-derived paired empty-input test."
27,3c49cad1_bench_precip_regular,yes,yes,yes,yes,yes,no,no,no,no,yes,no,no,no,no,repair,"The exclude-first branch has a paired comparison, but a preceding duplicate L3 block runs only the generated implementation.","Delete the generated-only duplicate and keep the paired exclude-first branch."
28,3c49cad1_geosphere_all,yes,yes,yes,yes,yes,no,no,no,no,yes,no,no,no,no,repair,"A paired schema-bearing empty-CSV comparison exists, but a preceding empty-CSV L3 block runs only generated code.","Remove the redundant generated-only empty-CSV block."
29,3c49cad1_geosphere_collect,yes,yes,yes,yes,yes,no,no,no,no,no,no,no,no,no,clean,"Both implementations read equivalent local JSON responses and are compared for standard and missing-measurement payloads.",none
30,3c49cad1_mosmix_access_dataframe,yes,yes,yes,yes,yes,no,no,no,no,no,no,no,no,no,clean,"The harness consumes one item from each returned generator and compares the yielded frames, including an empty mapping.",none
31,3c49cad1_mosmix_access_datetime,yes,yes,yes,yes,yes,no,no,no,no,no,no,no,no,no,clean,"DatetimeIndex and Polars Series values are normalized to Timestamp lists and compared for populated and empty timestep collections.",none
32,3c49cad1_radar_index_radolan,yes,yes,yes,yes,yes,no,no,no,no,no,no,no,no,no,clean,"The default and mixed-filename cases use paired frames and compare the filtered outputs.",none
33,3c49cad1_radar_index_sweeps,yes,yes,yes,yes,yes,no,no,no,no,no,no,no,no,no,clean,"Although both functions return None, tracing captures and compares the local files_server result for all-bz2, mixed, and empty inputs.",none
34,3c49cad1_radar_sites_cols,yes,yes,yes,yes,yes,no,no,no,no,no,no,no,no,no,clean,"Equivalent coordinate tables are supplied and returned frames are compared for normal and one-row inputs; invalid coordinates are required to fail on both sides.",none
35,3c49cad1_radar_sites_dicts,yes,yes,yes,yes,yes,no,no,no,no,no,no,no,no,no,clean,"The shared global df is deliberately swapped to equivalent pandas and Polars records before each call, restored afterward, and resulting mappings are compared.",none
36,3c49cad1_timeseries_extract,yes,yes,yes,yes,yes,no,no,no,no,yes,no,no,no,no,repair,"L2 observes the mutated param_data.values and a later L3 overwrite case is paired, but the empty-input L3 executes only generated code.","Add an equivalent empty pandas param and Series, execute both sides, and compare mutated values; remove the generated-only block."
37,3c49cad1_timeseries_gain,yes,yes,yes,yes,yes,no,no,no,no,no,no,no,no,no,clean,"Tracing captures old_score, new_score, and the reassigned local old_values even though the oracle returns None; standard and empty cases compare the same observables.",none
38,4bb33aa8_trx_stats_isin,yes,yes,yes,yes,yes,no,no,no,no,no,no,no,no,yes,repair,"The missing-column L3 marks any exception on both sides as a match. This masks generated SyntaxError in baseline, Exp1, and Exp3 as equivalent to the oracle's expected AssertionError.","Require AssertionError on both sides (or exact exception-type equality) and report generated SyntaxError as a generated-code failure."
39,6f1c2684_datasets_read_csv,yes,yes,yes,yes,yes,no,no,no,no,no,yes,no,no,no,repair,"The L3 header-only CSV uses columns a,b even though both implementations require the index, age, qx, and gender schema; resulting reader errors come from the invalid test fixture.","Use a schema-valid empty CSV header ',age,qx,gender' and compare the two empty results."
40,73a39d90_experiment_df_construct,yes,yes,yes,yes,yes,no,no,no,no,no,no,no,no,no,clean,"The same record sequence is passed to both constructors and empty-record outputs are compared as zero-column frames.",none
41,73a39d90_metrics_bootstrap_filter,yes,yes,yes,yes,yes,no,no,no,no,no,no,no,no,no,clean,"Both sides receive equivalent metrics frames; standard and empty selections compare the returned rows and schemas.",none
42,73a39d90_metrics_groupby_agg,yes,yes,yes,yes,yes,no,no,no,no,no,no,no,no,no,clean,"Equivalent grouped inputs are used and the complete aggregation output is compared after normalization.",none
43,73a39d90_metrics_groupby_partition,yes,yes,yes,yes,yes,no,no,no,no,no,no,no,no,no,clean,"The fixture and observable match the grouping operation on both sides, including the edge case.",none
44,73a39d90_run_concat_write,yes,yes,yes,yes,yes,no,no,no,no,no,no,no,no,no,clean,"The harness observes the written artefact rather than the None return and uses equivalent temporary destinations.",none
45,73a39d90_run_dataframe_write,yes,yes,yes,yes,yes,no,no,no,no,no,no,no,no,no,clean,"Both implementations receive equivalent records and the emitted file content is the compared observable.",none
46,774f17e7_mane_mappings_filter_symbol,yes,yes,yes,yes,yes,no,no,no,no,no,no,no,no,yes,repair,"L2 compared only selected fields from the first returned record, allowing errors in later records or unobserved fields to pass.","Compare the complete normalized record list on both sides."
47,774f17e7_mane_mappings_genomic_filter,yes,yes,yes,yes,yes,no,no,no,no,no,no,no,no,no,clean,"The complete filtered result is compared using semantically equivalent dataframe fixtures.",none
48,774f17e7_mane_mappings_isin,yes,yes,yes,yes,yes,no,no,no,no,no,no,no,no,yes,repair,"L2 inspected only one field of the first record instead of the full returned collection.","Compare every field of every normalized result record."
49,774f17e7_mane_mappings_load,yes,yes,yes,yes,yes,no,no,no,no,no,no,no,no,no,clean,"The fixture format matches each reader and the full loaded result is compared.",none
50,774f17e7_mane_transcript_filter_row,yes,yes,yes,yes,yes,no,no,no,no,no,no,no,no,yes,repair,"The missing-transcript edge case treated any exception pair as equivalent and could hide generated syntax or wrapper failures.","Require the oracle IndexError and reject generated SyntaxError or NameError as non-equivalent."
51,774f17e7_mane_transcript_parse_ac,yes,yes,yes,yes,yes,no,no,no,no,no,no,no,no,no,clean,"Both standard and malformed accession inputs exercise the same parsing contract.",none
52,774f17e7_uta_database_construct,yes,yes,yes,yes,yes,yes,yes,no,no,no,no,no,no,no,repair,"The original fixture passed a Polars DataFrame into the pandas oracle as well as the generated implementation; the empty edge case also ran generated code alone.","Use a shared raw list of tuples, construct library-native frames inside each wrapper, and run both sides for the empty case."
53,7e55b00b_sample_empty_df,yes,yes,yes,yes,yes,no,no,no,no,no,no,no,no,no,clean,"The explicitly typed empty fixtures are semantically equivalent and both results are observed.",none
54,8017f91b_embedder_frame,yes,yes,yes,yes,yes,no,no,no,no,no,no,no,no,no,clean,"Equivalent embedding records are supplied and complete frames are compared after normalization.",none
55,8017f91b_eval_hybrid_concat_sort,yes,yes,yes,yes,yes,no,no,no,no,yes,no,no,no,no,repair,"A redundant L3 block executed only generated code, so it could not establish behavioural equivalence.","Remove the generated-only block and retain the paired duplicate-ID edge test."
56,8017f91b_eval_hybrid_load,yes,yes,yes,yes,yes,no,no,no,no,no,no,no,no,no,clean,"Both readers consume corresponding fixtures and the loaded output is compared.",none
57,8017f91b_hybrid_score_concat,yes,yes,yes,yes,yes,no,no,no,no,no,no,no,no,yes,repair,"The empty-concatenation case accepted any exception from each side as equivalent.","Treat generated SyntaxError and NameError as generated-code failures rather than matching the oracle ValueError."
58,8017f91b_hybrid_score_frame,yes,yes,yes,yes,yes,no,no,no,no,no,no,no,no,no,clean,"The frame constructor receives the same score records and compares the complete result.",none
59,8017f91b_input_loc_col,yes,yes,yes,yes,yes,no,no,no,no,no,no,no,no,yes,repair,"The missing-identifier test counted arbitrary generated exceptions as matching the oracle rejection.","Exclude generated SyntaxError and NameError from exception-equivalence success."
60,8017f91b_input_loc_index_item,yes,yes,yes,yes,yes,no,no,no,no,no,no,no,no,yes,repair,"The duplicate-URL edge case used inverted exception control flow and could print success even when only one side rejected.","Capture both outcomes explicitly and pass only when both independently reject without generated syntax or name errors."
61,8017f91b_io_parquet,yes,yes,yes,yes,yes,no,no,no,no,no,no,no,no,no,clean,"The pandas and Polars paths are written in their respective compatible formats; no pickle-to-IPC mismatch is present.",none
62,8017f91b_model_data_lang_loc_filter,yes,yes,yes,yes,yes,no,no,yes,no,no,no,no,no,yes,evaluation_invalid,"The isolated fragment depends on enclosing model state and exposes neither a return value nor a recoverable mutated object in the snippet.","Re-extract with its enclosing function or exclude/disable this snippet; do not fabricate an observable."
63,8017f91b_model_data_loc_filter,yes,yes,yes,yes,yes,no,no,yes,no,no,no,no,no,yes,evaluation_invalid,"The fragment references outer state and its meaningful postcondition is unavailable after isolation.","Re-extract the complete function with object state or exclude/disable the snippet."
64,8017f91b_pairwise_cosine_loc,yes,yes,yes,yes,yes,no,no,no,no,no,no,no,no,yes,repair,"The missing-ID case allowed any generated exception to match the oracle KeyError.","Reject generated SyntaxError and NameError when assessing paired rejection."
65,8017f91b_pairwise_loc_filter,yes,yes,yes,yes,yes,no,no,no,no,no,no,no,no,yes,repair,"The missing-ID case could classify arbitrary generated exceptions as equivalent to the oracle KeyError.","Exclude generated SyntaxError and NameError from a successful rejection match."
66,8017f91b_precompute_cross_join,yes,yes,yes,yes,yes,no,no,no,no,no,no,no,no,no,clean,"Equivalent source frames are used and the full cross-join output is compared.",none
67,8017f91b_precompute_id_cross_frame,yes,yes,yes,yes,yes,no,no,yes,no,no,no,no,no,yes,evaluation_invalid,"The extracted lines rely on surrounding variables and do not retain an independently observable result.","Re-extract the containing function or exclude/disable this isolated fragment."
68,83c12695_collect_filter,yes,yes,yes,yes,yes,no,no,no,no,no,no,no,no,no,clean,"Both implementations receive equivalent inputs and filtered collections are compared completely.",none
69,83c12695_collect_pivot,yes,yes,yes,yes,yes,no,no,no,no,no,no,no,no,no,clean,"The pivot fixtures preserve equivalent keys and values and the complete normalized output is checked.",none
70,8bb7bc3a_expose_isin,yes,yes,yes,yes,yes,no,no,no,no,no,no,no,no,yes,repair,"The missing-column case considered any two exceptions equivalent, masking generated SyntaxError as a match for the oracle AssertionError.","Require AssertionError on both sides and report generated syntax or wrapper errors as failures."
71,8c71f3c7_attr_getter_unseen_frame,yes,yes,yes,yes,yes,yes,yes,no,no,no,no,no,no,no,repair,"The test passed a DataFrame although the source fragment consumes an iterable of score tuples from the enclosing ranking operation.","Pass equivalent raw score tuples to both implementations and use an empty list for the edge case."
72,8c71f3c7_attr_getter_unseen_iter,yes,yes,yes,yes,yes,no,no,yes,no,no,no,no,no,yes,evaluation_invalid,"The isolated iteration fragment lacks the enclosing object state and a self-contained output contract.","Re-extract the containing method or exclude/disable the snippet."
73,8c71f3c7_citation_models_fillna,yes,yes,yes,yes,yes,no,no,no,no,no,no,no,no,no,clean,"Equivalent null-containing model data is supplied and the filled output is compared.",none
74,8c71f3c7_citation_models_rank,yes,yes,yes,yes,yes,no,no,no,no,no,no,no,no,no,clean,"The ranking input and complete ordered output are exercised on both sides.",none
75,8c71f3c7_document_info_tolist,yes,yes,yes,yes,yes,no,no,no,no,no,no,no,no,no,clean,"Equivalent document records are used and list conversion is directly observed.",none
76,8c71f3c7_embedder_frame,yes,yes,yes,yes,yes,no,no,no,no,no,no,no,no,no,clean,"Both constructors receive identical embedding records and complete frames are normalized for comparison.",none
77,8c71f3c7_hybrid_score_concat,yes,yes,yes,yes,yes,no,no,no,no,no,no,no,no,no,clean,"The paired test compares concatenated scores and handles the empty input contract on both sides.",none
78,8c71f3c7_hybrid_scorer_citation_index,yes,yes,yes,yes,yes,no,no,no,no,no,no,no,no,no,clean,"The citation-index lookup uses equivalent identifiers and observes the scalar result or paired rejection.",none
79,8c71f3c7_hybrid_scorer_language_index,yes,yes,yes,yes,yes,no,no,no,no,no,no,no,no,no,clean,"The language-index lookup is tested with equivalent tables and the scalar observable is compared.",none
80,8c71f3c7_input_converter_index,yes,yes,yes,yes,yes,no,no,no,no,no,no,no,no,yes,repair,"The rejection helper could accept generated SyntaxError or NameError as equivalent to a legitimate oracle exception.","Exclude generated syntax and unresolved-name failures from successful exception equivalence."
81,8c71f3c7_input_converter_loc,yes,yes,yes,yes,yes,no,no,no,no,no,no,no,no,yes,repair,"The shared rejection helper accepted any exception pair and could hide generated syntax or unresolved-name failures.","Exclude generated SyntaxError and NameError from successful exception equivalence."
82,8c71f3c7_model_choice_load,yes,yes,yes,yes,yes,no,no,no,no,no,no,no,no,no,clean,"The injected loader is part of the source contract; both standard and empty loader results are compared completely.",none
83,8c71f3c7_pairwise_loc_colname,yes,yes,yes,yes,yes,no,no,no,no,no,no,no,no,yes,repair,"The missing-ID test required identical exception classes across pandas and Polars and contained a redundant call using non-missing IDs.","Run one paired missing-ID case and accept semantic rejection while excluding generated syntax and name errors."
84,8c71f3c7_pairwise_loc_item,yes,yes,yes,yes,yes,no,no,no,no,no,no,no,no,yes,repair,"The missing-ID test treated differing library-specific exception classes as a mismatch and included a redundant normal-input call.","Use explicit empty library-native frames and compare semantic rejection rather than exact exception classes."
85,8c71f3c7_precompute_df_construct,yes,yes,yes,yes,yes,no,no,no,no,no,no,no,no,no,clean,"The pandas index and corresponding Polars input are paired and both standard and empty constructed frames are compared.",none
86,8c71f3c7_s4_combine_load_concat_write,yes,yes,yes,yes,yes,no,no,no,no,no,no,no,no,no,clean,"The complete concatenated frame plus loader and writer side effects are observed on both sides.",none
87,8c71f3c7_s8_combine_load_concat_write,yes,yes,yes,yes,yes,no,no,no,no,no,no,no,no,no,clean,"Both return data and loader/writer interactions are checked with equivalent pandas and Polars inputs.",none
88,92e35040_query_appraised,yes,yes,yes,yes,yes,no,no,no,no,no,no,no,no,no,clean,"Equivalent source tables are used and complete standard and empty outputs are compared.",none
89,92e35040_query_binned_unbinned,yes,yes,yes,yes,yes,no,no,no,no,no,no,no,no,no,clean,"Both members of the returned tuple are checked and the empty case runs both implementations.",none
90,92e35040_query_write_csv,yes,yes,yes,yes,yes,no,no,no,no,no,no,no,no,no,clean,"Temporary destinations isolate the test and both return values and complete TSV contents are compared.",none
91,99aff9e0_rename_columns_empty_df,yes,yes,yes,yes,yes,no,no,no,no,no,no,no,no,no,clean,"The pandas, Polars, LazyFrame, and unsupported-input branches each exercise the same source contract on both sides.",none
92,a39f4527_expose_trx_join_filter,yes,yes,yes,yes,yes,no,no,no,no,no,no,no,no,no,clean,"Join inputs do not pre-contain conflicting output columns; standard and boundary-date results are compared completely.",none
93,a39f4527_expose_trx_left_join_fill,yes,yes,yes,yes,yes,no,no,no,no,no,no,no,no,no,clean,"The harness compares both the returned transaction-column list and the self.data mutation, including empty frames.",none
94,a39f4527_expose_trx_pivot,yes,yes,yes,yes,yes,no,no,no,no,no,no,no,no,no,clean,"Schema-equivalent transaction frames exercise the standard and empty pivot behaviour on both sides.",none
95,a39f4527_expose_trx_unique,yes,yes,yes,yes,yes,no,no,no,no,no,no,no,no,no,clean,"Both mutated self.data and the return contract are observed for standard and duplicate transactions.",none
96,a52cebfe_common_get_observations,yes,yes,yes,yes,yes,no,no,no,no,no,no,no,no,no,clean,"The mutable observations list is the explicit observable and is compared for populated and empty experiments.",none
97,a52cebfe_common_summary_filter,yes,yes,yes,yes,yes,no,no,no,no,no,no,no,no,yes,repair,"The missing-key branch accepted any generated exception as equivalent to the oracle KeyError.","Require the oracle KeyError and reject generated SyntaxError or NameError as non-equivalent."
98,a52cebfe_es_update_pivot_join,yes,yes,yes,yes,yes,no,no,no,no,no,no,no,no,no,clean,"All returned dictionary fields are normalized and compared for complete and missing-response joins.",none
99,a52cebfe_es_update_scaling_factors,yes,yes,yes,yes,yes,no,no,no,no,no,no,no,no,no,clean,"The return frame and value saved into the ensemble are both observed; duplicate-index rejection is type-specific.",none
100,a52cebfe_measured_data_pivot_join,yes,yes,yes,yes,yes,no,no,no,no,no,no,no,no,no,clean,"Multi-index row and column labels are explicitly normalized with values and compared for standard and single-realization cases.",none
101,a52cebfe_rft_concat_write,yes,yes,yes,yes,yes,no,no,no,no,no,no,no,no,yes,repair,"The empty-list case considered arbitrary exception pairs equivalent.","Exclude generated SyntaxError and NameError while retaining semantic rejection of empty concatenation."
102,a52cebfe_rft_obs_join,yes,yes,yes,yes,yes,no,no,no,no,no,no,no,no,yes,repair,"The no-realizations case passed whenever both sides raised, including possible generated syntax or wrapper failures.","Accept paired rejection only when the generated exception is not SyntaxError or NameError."
103,a841955a_summarise_select,yes,yes,yes,yes,yes,no,no,no,no,no,no,no,no,no,clean,"The selected columns and empty schema are compared using equivalent frames.",none
104,a841955a_summarise_unmapped,yes,yes,yes,yes,yes,no,no,no,no,yes,no,no,no,no,repair,"The original L3 ran only generated code and therefore could not establish empty-input equivalence.","Run both implementations on schema-bearing empty summaries and compare the complete results."
105,acryo_loader_corr_max_with_columns_migration,yes,yes,yes,yes,yes,no,no,no,no,yes,no,no,no,no,repair,"A generated-only empty-input smoke block duplicated a later paired oracle comparison.","Remove the generated-only block and retain the paired feature-mutation test."
106,acryo_loader_get_features_migration,yes,yes,yes,yes,yes,no,no,no,no,yes,no,no,no,no,repair,"A generated-only empty-input block was redundant with the following paired output comparison.","Remove the generated-only block and keep the paired schema-and-values test."
107,acryo_loader_scores_with_columns_migration,yes,yes,yes,yes,yes,no,no,no,no,yes,no,no,no,no,repair,"A generated-only dictionary-update block did not compare the molecule mutation against the oracle.","Remove the unpaired block and retain the paired feature-mutation comparison."
108,acryo_loader_update_features_migration,yes,yes,yes,yes,yes,no,no,no,no,yes,no,no,no,no,repair,"A generated-only alternate-column smoke block duplicated a complete paired comparison.","Remove the unpaired block and retain the paired alternate-column result check."
109,acryo_molecules_concat_migration,yes,yes,yes,yes,yes,no,no,no,no,yes,no,no,no,no,repair,"A generated-only no-features block preceded a paired check of the same branch.","Remove the redundant block and keep the paired state comparison."
110,acryo_molecules_from_csv_migration,yes,yes,yes,yes,yes,no,no,no,no,yes,no,no,no,no,repair,"A generated-only explicit-column block duplicated the later paired custom-column test.","Remove the generated-only block and retain the paired custom-column comparison."
111,acryo_molecules_rotation_copy_migration,yes,yes,yes,yes,yes,no,no,no,no,no,no,no,no,no,clean,"Complete observable molecule state is compared for standard and no-feature copies.",none
112,acryo_molecules_subset_migration,yes,yes,yes,yes,yes,no,no,no,no,yes,no,no,no,no,repair,"A generated-only no-features smoke block duplicated the paired state test.","Remove the unpaired block and retain the paired feature and position comparison."
113,acryo_molecules_to_csv_migration,yes,yes,yes,yes,yes,no,no,no,no,no,no,no,no,no,repair,"Output CSVs were written to fixed working-directory paths, allowing test artefacts to leak across notebook runs.","Use per-test temporary directories while comparing return contracts and complete CSV readbacks."
114,acryo_molecules_to_dataframe_migration,yes,yes,yes,yes,yes,no,no,no,no,yes,no,no,no,no,repair,"A generated-only no-features block was redundant with the following paired frame comparison.","Remove the unpaired block and retain the complete paired observable."
115,acryo_molecules_translation_copy_migration,yes,yes,yes,yes,yes,no,no,no,no,no,no,no,no,no,clean,"The complete molecule dataframe is compared for standard and explicit no-feature translation copies.",none
116,adjacency_create_matrix_loop,yes,yes,yes,yes,yes,no,no,no,no,no,no,no,no,no,clean,"The None return is not used as the sole oracle; sorter, flowpath, and network mutations are all compared.",none
117,adjacency_read_file_to_polars,yes,yes,yes,yes,yes,no,no,no,no,no,no,no,no,no,clean,"The reader stub returns library-native layers with matching id semantics and complete network outputs are compared.",none
118,azure_ocr_concat_lazy,yes,yes,yes,yes,yes,no,no,no,no,no,no,no,no,no,clean,"The before wrapper converts the shared Polars fixtures to pandas and both standard and typed-empty concatenations are compared.",none
119,azure_ocr_from_dicts,yes,yes,yes,yes,yes,no,no,no,no,no,no,no,no,no,clean,"The append side effect is explicitly observed by comparing the complete mutated lists for populated and initially empty cases.",none
120,b36214f9_preprocess_attrs_registry,yes,yes,yes,yes,yes,no,no,yes,no,no,no,no,no,yes,evaluation_invalid,"The isolated wrapper exposes only get_original_column_name while the sibling preprocessing closure that creates its metadata mapping is inaccessible; testing fallback alone would cover only a fragment of the migration contract.","Re-extract both closures with shared state or exclude/disable this snippet; do not infer the missing mapping state in the harness."
121,b36214f9_preprocess_columns_tolist,yes,yes,yes,yes,yes,no,no,no,no,no,no,no,no,no,clean,"The returned closures are invoked with equivalent pandas and Polars column sets; shared empty-name behaviour and original-column order are observed.",none
122,b36214f9_preprocess_shape_rename,yes,yes,yes,yes,yes,no,no,no,no,yes,no,no,no,no,repair,"The original empty-input block inspected the clean-column callback as though it were a DataFrame and ran only generated code.","Invoke both returned preprocessing closures on schema-bearing empty pandas and Polars frames and compare results."
123,b36214f9_session_dropna_unique,yes,yes,yes,yes,yes,no,no,no,no,no,no,no,no,no,clean,"Equivalent mapping inputs exercise null removal and uniqueness for standard and typed-empty cases.",none
124,b36214f9_session_read_csv,yes,yes,yes,yes,yes,no,no,no,no,no,no,no,no,no,clean,"Both readers consume the same byte streams and the empty stream's None/output contract is compared.",none
125,bbe5d7e5_create_data_frame,yes,yes,yes,yes,yes,no,no,no,no,no,no,no,no,no,clean,"Complete values, columns, null count, date handling, and categorical schema are observed on both sides.",none
126,bbe5d7e5_datasets_read_csv,yes,yes,yes,yes,yes,no,no,no,no,no,yes,no,no,no,repair,"The header-only edge fixture used unrelated columns a,b although the oracle requires pol_num, status, issue_date, and term_date, causing the test input itself to fail.","Use a schema-valid header-only CSV containing the index and all required parse/dtype columns."
127,cb25a1c5_wsv_pegel,yes,yes,yes,yes,yes,no,no,no,no,no,no,no,no,no,clean,"Temporary JSON files isolate each run and complete lazy-frame outputs are compared for populated and empty responses.",none
128,d90ed416_ibis_filter,yes,yes,yes,yes,yes,no,no,no,no,yes,no,no,no,no,repair,"The L3 generator treated scalar thresholds and path mappings as potential DataFrames, skipped the oracle, and never exercised a meaningful edge case.","Create a valid temporary CheckM TSV with no passing bins and compare both returned lists."
129,d90ed416_ibis_isin,yes,yes,yes,yes,yes,no,no,no,no,yes,no,no,no,no,repair,"The original L3 looked for a DataFrame in an argument namespace, ran only generated code, and always skipped.","Use an empty requested-coassembly list and compare both filtered frames."
130,d90ed416_ibis_join,yes,yes,yes,yes,yes,no,no,no,no,yes,no,no,no,no,repair,"The empty new-cluster edge executed only the generated implementation.","Run both implementations with schema-bearing empty pandas and Polars new-cluster frames."
131,db5fc12b_expose_date_str,yes,yes,yes,yes,yes,no,no,no,no,no,no,no,no,yes,repair,"The invalid-date test accepted any exception pair and could mask generated syntax or unresolved-name errors.","Accept paired date rejection only when the generated error is not SyntaxError or NameError."
132,db5fc12b_expose_rename,yes,yes,yes,yes,yes,no,no,no,no,no,no,no,no,no,clean,"Full outputs are compared across calculated-exposure, policy-exposure, optional-renamer, and empty-input branches.",none
133,dcff23d0_filter_concat_all,yes,yes,yes,yes,yes,no,no,no,no,no,no,no,no,no,clean,"Equivalent boolean masks are used and both standard and no-selected-row concatenations are compared.",none
134,e3227f4f_split_empty_df,yes,yes,yes,yes,yes,no,no,no,no,no,no,no,no,no,clean,"Partition sizes, metadata, and row preservation are checked across zero, one, fractional, and integer split branches.",none
135,e8fa7691_design_matrix_model,yes,yes,yes,yes,yes,no,no,no,no,no,no,no,no,no,clean,"The recorder exposes appended rows, vertical headers, and returned header labels for standard and empty inputs.",none
136,ed3b46c0_base_pattern_iloc,yes,yes,yes,yes,yes,no,no,no,no,no,no,no,no,no,clean,"Tracing captures all six otherwise-local positional selections and compares standard and empty-index cases.",none
137,ed3b46c0_base_pattern_pred_concat,yes,yes,yes,yes,yes,no,no,no,no,yes,no,no,no,no,repair,"The empty-valid-index L3 ran only generated code and reported only whether it crashed.","Reset shared prediction state, run both implementations with empty predictions and indices, and compare complete outputs."
138,ed3b46c0_classification_iloc,yes,yes,yes,yes,yes,no,no,no,no,no,no,no,no,no,clean,"Tracing captures every selected train/validation local and compares standard and empty-index behaviour.",none
139,ed3b46c0_classification_pred_concat,yes,yes,yes,yes,yes,no,no,no,no,yes,no,no,no,no,repair,"The empty-valid-index block executed generated code alone; the later metric-input audit covered only the standard case.","Run both implementations with empty predictions and indices and compare the returned metrics dictionary."
140,efc0581f_azure_concat_lazy,yes,yes,yes,yes,yes,no,no,no,no,no,no,no,no,no,clean,"Library-native standard and typed-empty OCR chunks are concatenated and compared completely.",none
141,efc0581f_azure_from_dicts,yes,yes,yes,yes,yes,no,no,no,no,no,no,no,no,no,clean,"The append side effect is explicitly compared for populated and initially empty lists.",none
142,efc0581f_data_assign_bbox,yes,yes,yes,yes,yes,no,no,no,no,no,no,no,no,no,clean,"The returned assigned frame is compared for default data and an explicitly typed empty branch.",none
143,efc0581f_data_filter_page,yes,yes,yes,yes,yes,no,no,no,no,no,no,no,no,no,clean,"Complete page-filtered results are compared for present and absent page numbers.",none
144,efc0581f_data_groupby_agg_text,yes,yes,yes,yes,yes,no,no,no,no,no,no,no,no,no,clean,"The scalar text/None observable is compared for populated and schema-bearing empty word frames.",none
145,efc0581f_data_merge_cross,yes,yes,yes,yes,yes,no,no,yes,no,no,no,no,no,yes,evaluation_invalid,"The extracted pandas source is syntactically truncated, so no executable behavioural oracle or defensible edge contract exists.","Re-extract the complete source fragment or exclude/disable the snippet."
146,efc0581f_dedup_nested_cross_join,yes,yes,yes,yes,yes,no,no,no,no,no,no,no,no,no,clean,"Complete cross-join results are compared for populated and typed-empty inputs.",none
147,efc0581f_dedup_redundant_filter,yes,yes,yes,yes,yes,no,no,no,no,no,no,no,no,no,clean,"Both no-redundancy and explicit-redundancy branches compare complete ordered outputs.",none
148,efc0581f_dedup_vertical_sort_cumcount,yes,yes,yes,yes,yes,no,no,no,no,no,no,no,no,no,clean,"Duplicate ordering/cumcount behaviour and typed-empty output schema are compared on both sides.",none
149,efc0581f_ident_explode_cells,yes,yes,yes,yes,yes,no,no,no,no,no,no,no,no,no,clean,"Complete exploded outputs are checked for standard, null-delimiter, and malformed-delimiter cases without treating generated exceptions as matches.",none
150,efc0581f_ident_from_dicts_cross,yes,yes,yes,yes,yes,no,no,no,no,no,no,no,no,no,clean,"The returned closures are invoked and their complete cross-derived frames are compared for populated and empty line collections.",none
151,efc0581f_ident_with_columns_conditions,yes,yes,yes,yes,yes,no,no,no,no,no,no,no,no,no,clean,"Complete condition-derived frames are compared for populated and typed-empty inputs.",none
152,efc0581f_lines_filter_words,yes,yes,yes,yes,yes,no,no,no,no,no,no,no,no,no,clean,"Equivalent OCR containers are filtered and complete standard and typed-empty outputs are compared.",none
153,efc0581f_lines_from_dicts_lazy,yes,yes,yes,yes,yes,no,no,no,no,no,no,no,no,no,clean,"Complete derived line fields are compared for standard and zero-length line records.",none
154,efc0581f_lines_groupby_filter,yes,yes,yes,yes,yes,no,no,no,no,no,no,no,no,no,clean,"Returned group identifiers are compared as unordered sets where order is not contractual, with direct empty-list comparison at L3.",none
155,efc0581f_pdf_concat_lazy,yes,yes,yes,yes,yes,no,no,no,no,no,no,no,no,no,clean,"Complete concatenated PDF content is compared for populated and schema-bearing empty inputs.",none
156,efc0581f_pdf_from_dicts,yes,yes,yes,yes,yes,no,no,no,no,no,no,no,no,no,clean,"Complete constructed frames are compared for populated content and an empty record collection.",none
157,efc0581f_tesseract_concat_lazy,yes,yes,yes,yes,yes,no,no,no,no,no,no,no,no,no,clean,"Both implementations concatenate equivalent standard and typed-empty OCR chunks.",none
158,efc0581f_tesseract_from_dicts,yes,yes,yes,yes,yes,no,no,no,no,no,no,no,no,no,clean,"The mutated dataframe list is the observed output for populated and initially empty lists.",none
159,efc0581f_tesseract_nan_none,yes,yes,yes,yes,yes,no,no,no,no,no,no,no,no,no,clean,"Dictionary mutation is compared with missing-value-aware equality for populated and empty mappings.",none
160,efc0581f_textract_concat_lazy,yes,yes,yes,yes,yes,no,no,no,no,no,no,no,no,no,clean,"Library-native standard and typed-empty Textract chunks are concatenated and compared completely.",none
161,efc0581f_textract_from_dicts,yes,yes,yes,yes,yes,no,no,no,no,no,no,no,no,no,clean,"The appended OCR dataframe is observed and compared for populated and empty record collections.",none
162,efc0581f_vision_concat_lazy,yes,yes,yes,yes,yes,no,no,no,no,no,no,no,no,no,clean,"Both implementations concatenate equivalent standard and schema-bearing empty Vision chunks.",none
163,efc0581f_vision_from_dicts,yes,yes,yes,yes,yes,no,no,no,no,no,no,no,no,no,clean,"Constructed Vision frames are compared for populated content and an empty record collection.",none
164,f11c29ae_dataset_df_clone,yes,yes,yes,yes,yes,no,no,no,no,yes,no,no,no,no,repair,"A generated-only empty-frame smoke check duplicated the later paired comparison and could double-count an L3 failure.","Removed the redundant generated-only L3 block in all four conditions; retained paired comparisons of data X y and w."
165,f11c29ae_dataset_loc_select,yes,yes,yes,yes,yes,no,no,no,no,no,no,no,no,no,clean,"The selected dataframe and all exposed dataset views are compared on standard and empty selections.",none
166,f11c29ae_dataset_save_load,yes,yes,yes,yes,yes,no,no,no,no,no,no,no,no,no,repair,"The missing-file edge case used a fixed relative path that could be contaminated by another or prior run.","Changed L3 to use a guaranteed-missing child path inside a fresh TemporaryDirectory in all four conditions."
167,f11c29ae_dataset_to_pandas,yes,yes,yes,yes,yes,no,no,no,no,yes,no,no,no,no,repair,"A generated-only empty conversion smoke check preceded an equivalent paired oracle comparison.","Removed the redundant generated-only L3 block in all four conditions and retained the paired empty-result comparison."
168,img2table_aws_textract_concat_lazy_migration,yes,yes,yes,yes,yes,no,no,no,no,no,no,no,no,no,clean,"Concatenated OCR output is compared for normal and schema-bearing empty inputs on both sides.",none
169,img2table_aws_textract_list_dfs_migration,yes,yes,yes,yes,yes,no,no,no,no,no,no,no,no,no,clean,"The side-effected dataframe list is compared after both standard and empty-record invocations.",none
170,img2table_azure_concat_lazy_migration,yes,yes,yes,yes,yes,no,no,no,no,no,no,no,no,no,clean,"Azure dataframe concatenation is paired for populated chunks and a typed empty edge input.",none
171,img2table_azure_list_dfs_migration,yes,yes,yes,yes,yes,no,no,no,no,no,no,no,no,no,clean,"The appended list state is the observable and is paired for standard and empty OCR records.",none
172,img2table_cells_adjacent_redundant_migration,yes,yes,yes,yes,yes,no,no,no,no,no,no,no,no,no,clean,"Equivalent cell fixtures are used and the complete redundancy result is compared on both paths.",none
173,img2table_cells_clone_rename_migration,yes,yes,yes,yes,yes,no,no,no,no,no,no,no,no,no,clean,"Clone and rename behavior is compared through complete returned frames for standard and empty inputs.",none
174,img2table_cells_contained_migration,yes,yes,yes,yes,yes,no,no,no,no,no,no,no,no,no,clean,"Contained-cell identifiers are compared from equivalent fixtures including a no-match edge case.",none
175,img2table_cells_cross_join_filter_migration,yes,yes,yes,yes,yes,no,no,no,no,no,no,no,no,no,clean,"Cross-join filtering uses clean inputs without pre-existing collision columns and compares full outputs.",none
176,img2table_cells_intersection_area_migration,yes,yes,yes,yes,yes,no,no,no,no,no,no,no,no,no,clean,"Intersection area calculations are compared for ordinary geometry and zero-overlap geometry.",none
177,img2table_cells_overlap_diff_migration,yes,yes,yes,yes,yes,no,no,no,no,no,no,no,no,no,clean,"Overlap differences are compared using equivalent pandas and Polars cell fixtures.",none
178,img2table_cells_redundant_removal_migration,yes,yes,yes,yes,yes,no,no,no,no,no,no,no,no,no,clean,"The post-removal cell collection is directly observed and paired for redundant and non-redundant cases.",none
179,img2table_cells_vertical_deduplication_migration,yes,yes,yes,yes,yes,no,no,no,no,no,no,no,no,no,clean,"Vertical deduplication outputs are compared with an explicit no-duplicate edge fixture.",none
180,img2table_cells_width_height_area_migration,yes,yes,yes,yes,yes,no,no,no,no,no,no,no,no,no,clean,"All derived geometry columns are compared for normal and zero-size cells.",none
181,img2table_google_vision_concat_lazy_migration,yes,yes,yes,yes,yes,no,no,no,no,no,no,no,no,no,clean,"Google Vision concatenation is compared for populated and schema-bearing empty frame lists.",none
182,img2table_google_vision_list_dfs_migration,yes,yes,yes,yes,yes,no,no,no,no,no,no,no,no,no,clean,"The mutated dataframe list is compared after standard and empty Vision record inputs.",none
183,img2table_lines_cross_join_migration,yes,yes,yes,yes,yes,no,no,no,no,no,no,no,no,no,clean,"Cross-joined line pairs are compared from collision-free equivalent fixtures.",none
184,img2table_lines_df_lines_creation_migration,yes,yes,yes,yes,yes,no,no,no,no,no,no,no,no,no,clean,"Constructed line dataframes are compared for populated and empty line collections.",none
185,img2table_lines_filter_words_migration,yes,yes,yes,yes,yes,no,no,no,no,no,no,no,no,no,clean,"Filtered word rows are compared for standard input and an input with no retained words.",none
186,img2table_lines_groupby_sum_migration,yes,yes,yes,yes,yes,no,no,no,no,no,no,no,no,no,clean,"Grouped sums are compared completely for standard groups and a schema-valid empty frame.",none
187,img2table_lines_intersection_assignment_migration,yes,yes,yes,yes,yes,no,no,no,no,no,no,no,no,no,clean,"Intersection assignments are compared for matching and no-intersection cases.",none
188,img2table_lines_intersection_formula_migration,yes,yes,yes,yes,yes,no,no,no,no,no,no,no,no,no,clean,"Derived intersection coordinates are compared for ordinary and boundary geometry.",none
189,img2table_lines_intersection_lines_filter_migration,yes,yes,yes,yes,yes,no,no,no,no,no,no,no,no,no,clean,"Line filtering results are compared for retained and fully filtered edge inputs.",none
190,img2table_pdf_concat_lazy_migration,yes,yes,yes,yes,yes,no,no,no,no,no,no,no,no,no,clean,"PDF dataframe concatenation is paired for populated and typed-empty chunks.",none
191,img2table_pdf_list_dfs_migration,yes,yes,yes,yes,yes,no,no,no,no,no,no,no,no,no,clean,"The appended PDF dataframe list is observed after both normal and empty-record calls.",none
192,marimo_chdb_cursor_rows,yes,yes,yes,yes,yes,no,no,no,no,no,no,no,no,no,clean,"The required self context is installed and restored in a finally block; cursor rows are compared on both sides.",none
193,medmodels_classic_distance_covariates_select_migration,yes,yes,yes,yes,yes,no,no,no,no,no,no,no,no,no,clean,"Selected covariate frames are compared using library-native equivalent inputs including empty selection.",none
194,medmodels_classic_distance_match_migration,yes,yes,yes,yes,yes,no,no,no,no,no,no,no,no,no,clean,"Matched identifiers and distances are compared under standard and boundary matching fixtures.",none
195,medmodels_medrecord_process_edges_dataframe_migration,yes,yes,yes,yes,yes,no,no,no,no,no,no,no,no,no,clean,"Processed edge records and associated names are paired from equivalent input dataframes.",none
196,medmodels_medrecord_process_nodes_dataframe_migration,yes,yes,yes,yes,yes,no,no,no,no,no,no,no,no,no,clean,"Processed node records and node-name outputs are both compared on the pandas and Polars paths.",none
197,medmodels_propensity_score_prop_score_migration,yes,yes,yes,yes,yes,no,no,no,no,yes,no,no,no,no,repair,"A generated-only alternate-score smoke check duplicated the paired edge comparison and could create a non-independent failure.","Removed the redundant generated-only L3 block in all four conditions; retained the paired alternate-score output comparison."
198,medmodels_propensity_score_signature_migration,yes,yes,yes,yes,yes,no,no,yes,no,no,no,no,no,yes,evaluation_invalid,"The extracted snippet contains only a function signature and no executable source behavior or meaningful observable.","Kept explicit skip markers in all four conditions; exclude this snippet from behavioral scoring."
199,mexca_data_delete_filename_time_col_migration,yes,yes,yes,yes,yes,no,no,no,no,no,no,no,no,no,clean,"Returned closures are invoked on equivalent frames and the complete column-deletion result is compared.",none
200,mexca_data_merge_audio_text_features_migration,yes,yes,yes,yes,yes,no,no,no,no,no,no,no,no,no,clean,"Merged feature outputs are compared from equivalent inputs without artificial pre-existing suffix collisions.",none
201,mexca_data_merge_features_migration,yes,yes,yes,yes,yes,no,no,no,no,no,no,no,no,no,clean,"The returned frame and features side effect are both compared; the no-component branch observes the unchanged state.",none
202,mexca_data_merge_video_annotation_migration,yes,yes,yes,yes,yes,no,no,no,no,no,no,no,no,no,clean,"The appended video-annotation frame is observed for present input and the unchanged list for absent input.",none
203,mexca_data_merge_voice_features_migration,yes,yes,yes,yes,yes,no,no,no,no,no,no,no,no,no,clean,"The appended voice-feature frame is compared and the absent-feature branch verifies no list mutation.",none
204,mpds_get_dataframe,yes,yes,yes,yes,yes,no,no,no,no,no,no,no,no,no,clean,"The global data-provider context is restored after use and complete standard and empty frames are compared.",none
205,pheval_gene_identifier_map,yes,yes,yes,yes,yes,no,no,no,no,no,no,no,no,no,clean,"Complete identifier mappings are compared for normal empty and duplicate-identifier inputs.",none
206,pheval_gene_updater_find_identifier,yes,yes,yes,yes,yes,no,no,no,no,no,no,no,no,no,clean,"Direct previous-symbol and missing-symbol lookup paths use the same self context and scalar observable.",none
207,pheval_gene_updater_find_symbol,yes,yes,yes,yes,yes,no,no,no,no,no,no,no,no,no,clean,"Existing identifiers are compared directly and the missing case requires KeyError from both implementations.",none
208,pheval_parse_hgnc_data,yes,yes,yes,yes,yes,no,no,no,no,no,no,no,no,yes,repair,"The missing-resource check previously accepted any exception from both sides and could hide an unrelated generated-code error.","Required FileNotFoundError on both sides in all four conditions; unrelated TypeError failures are now exposed."
209,portfolio_momentum_roc,yes,yes,yes,yes,yes,no,no,no,no,no,no,no,no,no,clean,"The mutated portfolio dataframe is compared after standard and schema-bearing empty inputs.",none
210,portfolio_momentum_rsi,yes,yes,yes,yes,yes,no,no,no,no,no,no,no,no,no,clean,"Both implementations receive library-native equivalent price histories and the full mutated state is compared.",none
211,portfolio_momentum_stoch_osc,yes,yes,yes,yes,yes,no,no,no,no,no,no,no,no,no,clean,"Standard and empty price histories are applied symmetrically and the resulting object state is observed.",none
212,portfolio_momentum_stoch_rsi,yes,yes,yes,yes,yes,no,no,no,no,no,no,no,no,no,clean,"The same oscillator parameters and equivalent dataframe schemas are used for both standard and empty cases.",none
213,portfolio_stock_from_pandas,yes,yes,yes,yes,yes,no,no,no,no,no,no,no,no,no,clean,"The source Datetime index contract is retained in the pandas observable and compared with the generated frame including empty history.",none
214,portfolio_stock_to_dict,yes,yes,yes,yes,yes,no,no,no,no,no,no,no,no,no,clean,"The loop's final local record is captured on both sides to observe otherwise non-returning behavior including an empty dataframe.",none
215,quant_backtester_calculate_returns_migration,yes,yes,yes,yes,yes,no,no,no,no,no,no,no,no,no,clean,"Equivalent signals and self.data variants cover pairs single-asset and missing-Close paths while preserving index semantics.",none
216,quant_backtester_performance_metrics_migration,yes,yes,yes,yes,yes,no,no,no,no,no,no,no,no,no,clean,"Scalar drawdown results are compared for variable and zero-variance return histories with restored self state.",none
217,quant_trading_strategy_backtester_data_load_yfinance_data_two_tickers_migration,yes,yes,yes,yes,yes,no,no,no,no,no,no,no,no,no,clean,"Both loaders use identical deterministic yfinance substitutes and compare the complete indexed result for distinct and repeated tickers.",none
218,readnext_hybrid_score_compare_scores_migration,yes,yes,yes,yes,yes,no,no,no,no,no,no,no,no,no,repair,"A final generated-only inner-function execution repeated behavior already exercised by paired L2 and L3 tests and duplicated failures.","Removed the redundant generated-only execution block in all four conditions."
219,readnext_hybrid_score_to_frame_migration,yes,yes,yes,yes,yes,no,no,no,no,no,no,no,no,no,clean,"Returned score frames are compared for standard rounded values and zero-valued schema preservation.",none
220,scoring_compare_methylation_pattern_migration,yes,yes,yes,yes,yes,no,no,no,no,no,no,no,no,no,clean,"All selection branches receive equivalent pandas and Polars inputs and the aggregated output is compared.",none
221,scoring_compare_methylation_pattern_multiprocessed_migration,yes,yes,yes,yes,yes,no,no,no,no,no,no,no,no,no,clean,"A deterministic pool substitute executes both paths and both score frames and missing-contig lists are observed.",none
222,scoring_define_mean_methylation_thresholds_migration,yes,yes,yes,yes,yes,no,no,no,yes,no,no,no,no,yes,repair,"The pandas source mutates its argument and returns None while native Polars returns a replacement frame; L2 incorrectly compared the raw returns.","Changed L2 to compare the mutated pandas input with the returned Polars frame in all four conditions."
223,scoring_process_bin_contig_merge_migration,yes,yes,yes,yes,yes,yes,no,no,no,no,no,no,no,no,repair,"The no-match L3 passed missing-contig to pandas but the ordinary contig identifier to generated code causing a false mismatch in every experiment.","Passed missing-contig to both implementations in all four conditions."
224,src_onemod_utils_parameters_create_params_migration,yes,yes,yes,yes,yes,no,no,no,no,no,no,no,no,no,clean,"Cartesian parameter frames are compared completely and both empty-dictionary paths explicitly return None.",none
225,src_onemod_utils_parameters_get_params_migration,yes,yes,yes,yes,yes,no,no,no,no,no,no,no,no,no,clean,"Dictionary outputs are compared for the selected row and first-row boundary using library-native equivalent frames.",none
226,tesseract_ocr_concat_lazy,yes,yes,yes,yes,yes,no,no,no,no,no,no,no,no,no,clean,"Concatenated OCR output is compared for populated and schema-bearing empty chunks.",none
227,tesseract_ocr_from_dicts,yes,yes,yes,yes,yes,no,no,no,no,no,no,no,no,no,clean,"The actual mutated list entry is observed after standard and empty record collections on both sides.",none
228,ultralytics_benchmarks_config,yes,yes,yes,yes,yes,no,no,no,no,no,no,no,no,no,clean,"Configuration side effects rather than None returns are compared and repeated application is checked for stability.",none
229,ultralytics_benchmarks_dataframe,yes,yes,yes,yes,yes,no,no,no,no,no,no,no,no,no,clean,"Complete benchmark tables are compared for populated empty and null-metric rows.",none
230,ultralytics_benchmarks_metrics,yes,yes,yes,yes,yes,no,no,no,no,no,no,no,no,no,clean,"Standard output and verbose threshold branches require equivalent results or exact AssertionError behavior on both sides.",none
231,ultralytics_trainer_read_csv,yes,yes,yes,yes,yes,no,no,no,no,no,no,no,no,no,repair,"The empty-CSV edge test wrote to a fixed shared /tmp filename and could collide with concurrent or stale runs.","Moved the fixture into a fresh TemporaryDirectory and restored self.csv in finally in all four conditions."
232,ultralytics_wb_custom_table,yes,yes,yes,yes,yes,no,no,no,no,no,no,no,no,no,clean,"Equivalent fake table objects and row fixtures are used and complete standard and empty outputs are compared.",none
233,visivo_sqlalchemy_read_sql,yes,yes,yes,yes,yes,no,no,no,no,no,no,no,no,no,clean,"Deterministic connection and result doubles exercise populated and empty queries with restored connection state.",none
234,vnc_cmatrix_loc_filter_item,yes,yes,yes,yes,yes,no,no,no,no,no,no,no,no,no,clean,"The returned body-id lookup helper is invoked against equivalent lookups for present and missing identifiers.",none
235,vnc_cmatrix_lookup_init,yes,yes,yes,yes,yes,no,no,no,no,no,no,no,no,no,clean,"Initialized lookup side effects are compared and invalid cross-library lookup types must both raise ValueError.",none
236,vnc_cmatrix_reindex,yes,yes,yes,yes,yes,no,no,no,no,no,no,no,no,no,clean,"The mutated lookup is observed for shuffled null-containing and shape-mismatch cases with corresponding library inputs.",none
237,vnc_cmatrix_sort_tolist,yes,yes,yes,yes,yes,no,no,no,no,no,no,no,no,no,clean,"Returned column-index helpers are exercised for default body-id and missing-id paths with equivalent supporting methods.",none
238,vnc_cmatrix_uid_to_index,yes,yes,yes,yes,yes,no,no,no,no,no,no,no,no,no,clean,"Return values and supplied row and column buffers are jointly observed including null filtering.",none
