snippet_id,exclude_label,parse_success,gold_api_count,detected_api_count,tp_count,fp_count,fn_count,precision,recall,f1,exact_match,match_status,gold_detected_pandas_apis,latest_ast_detected_pandas_apis,true_positives,false_positives,false_negatives,unknown_methods
05afd878_evaluate_coassembly_edges,,True,8,8,8,0,0,1.0,1.0,1.0,yes,exact,"pandas.DataFrame.copy
pandas.DataFrame.drop_duplicates
pandas.DataFrame.explode
pandas.DataFrame.join
pandas.DataFrame.rename
pandas.DataFrame.reset_index
pandas.DataFrame.set_index
pandas.Series.apply","pandas.DataFrame.copy
pandas.DataFrame.drop_duplicates
pandas.DataFrame.explode
pandas.DataFrame.join
pandas.DataFrame.rename
pandas.DataFrame.reset_index
pandas.DataFrame.set_index
pandas.Series.apply","pandas.DataFrame.copy
pandas.DataFrame.drop_duplicates
pandas.DataFrame.explode
pandas.DataFrame.join
pandas.DataFrame.rename
pandas.DataFrame.reset_index
pandas.DataFrame.set_index
pandas.Series.apply",,,
05afd878_evaluate_combined,,True,8,8,8,0,0,1.0,1.0,1.0,yes,exact,"pandas.DataFrame.drop
pandas.DataFrame.join
pandas.DataFrame.reset_index
pandas.DataFrame.set_index
pandas.Series.combine
pandas.Series.isin
pandas.Series.notnull
pandas.isna","pandas.DataFrame.drop
pandas.DataFrame.join
pandas.DataFrame.reset_index
pandas.DataFrame.set_index
pandas.Series.combine
pandas.Series.isin
pandas.Series.notnull
pandas.isna","pandas.DataFrame.drop
pandas.DataFrame.join
pandas.DataFrame.reset_index
pandas.DataFrame.set_index
pandas.Series.combine
pandas.Series.isin
pandas.Series.notnull
pandas.isna",,,
05afd878_evaluate_nontarget,,True,6,6,6,0,0,1.0,1.0,1.0,yes,exact,"pandas.DataFrame.drop_duplicates
pandas.DataFrame.dropna
pandas.DataFrame.join
pandas.DataFrame.set_index
pandas.Series.apply
pandas.concat","pandas.DataFrame.drop_duplicates
pandas.DataFrame.dropna
pandas.DataFrame.join
pandas.DataFrame.set_index
pandas.Series.apply
pandas.concat","pandas.DataFrame.drop_duplicates
pandas.DataFrame.dropna
pandas.DataFrame.join
pandas.DataFrame.set_index
pandas.Series.apply
pandas.concat",,,
05afd878_evaluate_unbinned,,True,5,5,5,0,0,1.0,1.0,1.0,yes,exact,"DataFrameGroupBy.first
pandas.DataFrame.dropna
pandas.DataFrame.groupby
pandas.DataFrame.reset_index
pandas.Series.astype","DataFrameGroupBy.first
pandas.DataFrame.dropna
pandas.DataFrame.groupby
pandas.DataFrame.reset_index
pandas.Series.astype","DataFrameGroupBy.first
pandas.DataFrame.dropna
pandas.DataFrame.groupby
pandas.DataFrame.reset_index
pandas.Series.astype",,,
1f8af3a3_target_elusive_sample_pairs,,True,8,8,8,0,0,1.0,1.0,1.0,yes,exact,"DataFrameGroupBy.apply
pandas.DataFrame.dropna
pandas.DataFrame.explode
pandas.DataFrame.groupby
pandas.DataFrame.join
pandas.DataFrame.reset_index
pandas.Series.apply
pandas.Series.to_frame","DataFrameGroupBy.apply
pandas.DataFrame.dropna
pandas.DataFrame.explode
pandas.DataFrame.groupby
pandas.DataFrame.join
pandas.DataFrame.reset_index
pandas.Series.apply
pandas.Series.to_frame","DataFrameGroupBy.apply
pandas.DataFrame.dropna
pandas.DataFrame.explode
pandas.DataFrame.groupby
pandas.DataFrame.join
pandas.DataFrame.reset_index
pandas.Series.apply
pandas.Series.to_frame",,,
1f8af3a3_target_elusive_sparse_edges,,True,4,4,4,0,0,1.0,1.0,1.0,yes,exact,"SeriesGroupBy.agg
pandas.DataFrame.groupby
pandas.DataFrame.rename
pandas.DataFrame.reset_index","SeriesGroupBy.agg
pandas.DataFrame.groupby
pandas.DataFrame.rename
pandas.DataFrame.reset_index","SeriesGroupBy.agg
pandas.DataFrame.groupby
pandas.DataFrame.rename
pandas.DataFrame.reset_index",,,
1f8af3a3_target_elusive_unbinned,,True,5,5,5,0,0,1.0,1.0,1.0,yes,exact,"DataFrameGroupBy.ngroup
SeriesGroupBy.first
pandas.DataFrame.drop
pandas.DataFrame.groupby
pandas.Series.astype","DataFrameGroupBy.ngroup
SeriesGroupBy.first
pandas.DataFrame.drop
pandas.DataFrame.groupby
pandas.Series.astype","DataFrameGroupBy.ngroup
SeriesGroupBy.first
pandas.DataFrame.drop
pandas.DataFrame.groupby
pandas.Series.astype",,,
83c12695_collect_filter,,True,2,0,0,0,2,0.0,0.0,0.0,no,false-negative only,"pandas.DataFrame.__getitem__
pandas.Series.str.replace",,,,"pandas.DataFrame.__getitem__
pandas.Series.str.replace",
83c12695_collect_pivot,,True,12,8,8,0,4,1.0,0.666667,0.8,no,partial,"SeriesGroupBy.apply
SeriesGroupBy.sum
pandas.DataFrame.explode
pandas.DataFrame.fillna
pandas.DataFrame.groupby
pandas.DataFrame.melt
pandas.DataFrame.pivot
pandas.DataFrame.reset_index
pandas.Series.reset_index
pandas.Series.str.replace
pandas.Series.str.split
pandas.Series.to_list","SeriesGroupBy.apply
SeriesGroupBy.sum
pandas.DataFrame.fillna
pandas.DataFrame.groupby
pandas.DataFrame.melt
pandas.DataFrame.pivot
pandas.DataFrame.reset_index
pandas.Series.to_list","SeriesGroupBy.apply
SeriesGroupBy.sum
pandas.DataFrame.fillna
pandas.DataFrame.groupby
pandas.DataFrame.melt
pandas.DataFrame.pivot
pandas.DataFrame.reset_index
pandas.Series.to_list",,"pandas.DataFrame.explode
pandas.Series.reset_index
pandas.Series.str.replace
pandas.Series.str.split",
92e35040_query_appraised,,True,8,7,7,0,1,1.0,0.875,0.933333,no,partial,"SeriesGroupBy.agg
pandas.DataFrame.drop
pandas.DataFrame.groupby
pandas.DataFrame.join
pandas.DataFrame.rename
pandas.DataFrame.reset_index
pandas.DataFrame.set_index
pandas.Series.reset_index","SeriesGroupBy.agg
pandas.DataFrame.drop
pandas.DataFrame.groupby
pandas.DataFrame.join
pandas.DataFrame.rename
pandas.DataFrame.reset_index
pandas.DataFrame.set_index","SeriesGroupBy.agg
pandas.DataFrame.drop
pandas.DataFrame.groupby
pandas.DataFrame.join
pandas.DataFrame.rename
pandas.DataFrame.reset_index
pandas.DataFrame.set_index",,pandas.Series.reset_index,
92e35040_query_binned_unbinned,,True,6,6,6,0,0,1.0,1.0,1.0,yes,exact,"pandas.DataFrame
pandas.DataFrame.drop
pandas.DataFrame.join
pandas.DataFrame.reset_index
pandas.DataFrame.set_index
pandas.Series.fillna","pandas.DataFrame
pandas.DataFrame.drop
pandas.DataFrame.join
pandas.DataFrame.reset_index
pandas.DataFrame.set_index
pandas.Series.fillna","pandas.DataFrame
pandas.DataFrame.drop
pandas.DataFrame.join
pandas.DataFrame.reset_index
pandas.DataFrame.set_index
pandas.Series.fillna",,,
92e35040_query_write_csv,,True,1,1,1,0,0,1.0,1.0,1.0,yes,exact,pandas.DataFrame.to_csv,pandas.DataFrame.to_csv,pandas.DataFrame.to_csv,,,
a841955a_summarise_select,,True,0,0,0,0,0,1.0,1.0,1.0,yes,exact,,,,,,
a841955a_summarise_unmapped,,True,4,4,4,0,0,1.0,1.0,1.0,yes,exact,"pandas.DataFrame.set_index
pandas.DataFrame.to_dict
pandas.Series.apply
pandas.read_csv","pandas.DataFrame.set_index
pandas.DataFrame.to_dict
pandas.Series.apply
pandas.read_csv","pandas.DataFrame.set_index
pandas.DataFrame.to_dict
pandas.Series.apply
pandas.read_csv",,,
d90ed416_ibis_filter,,True,2,2,2,0,0,1.0,1.0,1.0,yes,exact,"pandas.Series.to_list
pandas.read_csv","pandas.Series.to_list
pandas.read_csv","pandas.Series.to_list
pandas.read_csv",,,
d90ed416_ibis_isin,,True,2,2,2,0,0,1.0,1.0,1.0,yes,exact,"pandas.Series.isin
pandas.read_csv","pandas.Series.isin
pandas.read_csv","pandas.Series.isin
pandas.read_csv",,,abspath
d90ed416_ibis_join,,True,4,5,4,1,0,0.8,1.0,0.888889,no,partial,"pandas.DataFrame.apply
pandas.DataFrame.join
pandas.DataFrame.set_index
pandas.read_csv","pandas.DataFrame.apply
pandas.DataFrame.empty
pandas.DataFrame.join
pandas.DataFrame.set_index
pandas.read_csv","pandas.DataFrame.apply
pandas.DataFrame.join
pandas.DataFrame.set_index
pandas.read_csv",pandas.DataFrame.empty,,
adjacency_create_matrix_loop,,True,3,3,3,0,0,1.0,1.0,1.0,yes,exact,"pandas.DataFrame.index
pandas.DataFrame.loc
pandas.Series.iloc","pandas.DataFrame.index
pandas.DataFrame.loc
pandas.Series.iloc","pandas.DataFrame.index
pandas.DataFrame.loc
pandas.Series.iloc",,,
adjacency_read_file_to_polars,,True,1,1,1,0,0,1.0,1.0,1.0,yes,exact,pandas.DataFrame.set_index,pandas.DataFrame.set_index,pandas.DataFrame.set_index,,,
774f17e7_mane_transcript_filter_row,,True,4,4,4,0,0,1.0,1.0,1.0,yes,exact,"pandas.DataFrame.empty
pandas.DataFrame.iloc
pandas.DataFrame.loc
pandas.DataFrame.sort_values","pandas.DataFrame.empty
pandas.DataFrame.iloc
pandas.DataFrame.loc
pandas.DataFrame.sort_values","pandas.DataFrame.empty
pandas.DataFrame.iloc
pandas.DataFrame.loc
pandas.DataFrame.sort_values",,,
774f17e7_mane_transcript_parse_ac,,True,2,2,2,0,0,1.0,1.0,1.0,yes,exact,"pandas.DataFrame.sort_values
pandas.Series.apply","pandas.DataFrame.sort_values
pandas.Series.apply","pandas.DataFrame.sort_values
pandas.Series.apply",,,split
774f17e7_mane_mappings_filter_symbol,,True,3,3,3,0,0,1.0,1.0,1.0,yes,exact,"pandas.DataFrame.loc
pandas.DataFrame.sort_values
pandas.DataFrame.to_dict","pandas.DataFrame.loc
pandas.DataFrame.sort_values
pandas.DataFrame.to_dict","pandas.DataFrame.loc
pandas.DataFrame.sort_values
pandas.DataFrame.to_dict",,,
774f17e7_mane_mappings_genomic_filter,,True,3,2,2,0,1,1.0,0.666667,0.8,no,partial,"pandas.DataFrame.sort_values
pandas.DataFrame.to_dict
pandas.Series.astype","pandas.DataFrame.sort_values
pandas.Series.astype","pandas.DataFrame.sort_values
pandas.Series.astype",,pandas.DataFrame.to_dict,
774f17e7_mane_mappings_isin,,True,2,2,2,0,0,1.0,1.0,1.0,yes,exact,"pandas.DataFrame.to_dict
pandas.Series.isin","pandas.DataFrame.to_dict
pandas.Series.isin","pandas.DataFrame.to_dict
pandas.Series.isin",,,
774f17e7_mane_mappings_load,,True,1,1,1,0,0,1.0,1.0,1.0,yes,exact,pandas.read_csv,pandas.read_csv,pandas.read_csv,,,
774f17e7_uta_database_construct,,True,2,2,2,0,0,1.0,1.0,1.0,yes,exact,"pandas.DataFrame
pandas.DataFrame.drop_duplicates","pandas.DataFrame
pandas.DataFrame.drop_duplicates","pandas.DataFrame
pandas.DataFrame.drop_duplicates",,,
quant_trading_strategy_backtester_data_load_yfinance_data_two_tickers_migration,,True,1,1,1,0,0,1.0,1.0,1.0,yes,exact,pandas.DataFrame,pandas.DataFrame,pandas.DataFrame,,,
quant_backtester_calculate_returns_migration,,True,8,8,8,0,0,1.0,1.0,1.0,yes,exact,"pandas.DataFrame
pandas.DataFrame.columns
pandas.DataFrame.index
pandas.Series.cumprod
pandas.Series.fillna
pandas.Series.pct_change
pandas.Series.replace
pandas.Series.shift","pandas.DataFrame
pandas.DataFrame.columns
pandas.DataFrame.index
pandas.Series.cumprod
pandas.Series.fillna
pandas.Series.pct_change
pandas.Series.replace
pandas.Series.shift","pandas.DataFrame
pandas.DataFrame.columns
pandas.DataFrame.index
pandas.Series.cumprod
pandas.Series.fillna
pandas.Series.pct_change
pandas.Series.replace
pandas.Series.shift",,,
quant_backtester_performance_metrics_migration,,True,5,5,5,0,0,1.0,1.0,1.0,yes,exact,"pandas.Series.cummax
pandas.Series.iloc
pandas.Series.mean
pandas.Series.min
pandas.Series.std","pandas.Series.cummax
pandas.Series.iloc
pandas.Series.mean
pandas.Series.min
pandas.Series.std","pandas.Series.cummax
pandas.Series.iloc
pandas.Series.mean
pandas.Series.min
pandas.Series.std",,,
b36214f9_preprocess_attrs_registry,,True,1,6,1,5,0,0.166667,1.0,0.285714,no,partial,pandas.DataFrame.attrs,"pandas.DataFrame
pandas.DataFrame.attrs
pandas.DataFrame.columns
pandas.DataFrame.copy
pandas.DataFrame.shape
pandas.Series.get",pandas.DataFrame.attrs,"pandas.DataFrame
pandas.DataFrame.columns
pandas.DataFrame.copy
pandas.DataFrame.shape
pandas.Series.get",,
b36214f9_preprocess_columns_tolist,,True,4,4,4,0,0,1.0,1.0,1.0,yes,exact,"pandas.DataFrame
pandas.DataFrame.columns
pandas.Index.to_list
pandas.isna","pandas.DataFrame
pandas.DataFrame.columns
pandas.Index.to_list
pandas.isna","pandas.DataFrame
pandas.DataFrame.columns
pandas.Index.to_list
pandas.isna",,,
b36214f9_preprocess_shape_rename,,True,5,5,5,0,0,1.0,1.0,1.0,yes,exact,"pandas.DataFrame
pandas.DataFrame.attrs
pandas.DataFrame.columns
pandas.DataFrame.copy
pandas.DataFrame.shape","pandas.DataFrame
pandas.DataFrame.attrs
pandas.DataFrame.columns
pandas.DataFrame.copy
pandas.DataFrame.shape","pandas.DataFrame
pandas.DataFrame.attrs
pandas.DataFrame.columns
pandas.DataFrame.copy
pandas.DataFrame.shape",,,
b36214f9_session_dropna_unique,,True,2,2,2,0,0,1.0,1.0,1.0,yes,exact,"pandas.Series.dropna
pandas.Series.unique","pandas.Series.dropna
pandas.Series.unique","pandas.Series.dropna
pandas.Series.unique",,,
b36214f9_session_read_csv,,True,5,5,5,0,0,1.0,1.0,1.0,yes,exact,"pandas.DataFrame.columns
pandas.DataFrame.empty
pandas.Series.dropna
pandas.Series.unique
pandas.read_csv","pandas.DataFrame.columns
pandas.DataFrame.empty
pandas.Series.dropna
pandas.Series.unique
pandas.read_csv","pandas.DataFrame.columns
pandas.DataFrame.empty
pandas.Series.dropna
pandas.Series.unique
pandas.read_csv",,,
vnc_cmatrix_loc_filter_item,,True,5,5,5,0,0,1.0,1.0,1.0,yes,exact,"pandas.DataFrame.copy
pandas.DataFrame.loc
pandas.Series.isin
pandas.Series.to_list
pandas.Series.values","pandas.DataFrame.copy
pandas.DataFrame.loc
pandas.Series.isin
pandas.Series.to_list
pandas.Series.values","pandas.DataFrame.copy
pandas.DataFrame.loc
pandas.Series.isin
pandas.Series.to_list
pandas.Series.values",,,
vnc_cmatrix_lookup_init,,True,4,6,4,2,0,0.666667,1.0,0.8,no,partial,"pandas.DataFrame.copy
pandas.DataFrame.drop
pandas.Series.isin
pandas.Series.values","pandas.DataFrame
pandas.DataFrame.copy
pandas.DataFrame.drop
pandas.DataFrame.shape
pandas.Series.isin
pandas.Series.values","pandas.DataFrame.copy
pandas.DataFrame.drop
pandas.Series.isin
pandas.Series.values","pandas.DataFrame
pandas.DataFrame.shape",,"csr_matrix
issparse"
vnc_cmatrix_reindex,,True,2,4,1,3,1,0.25,0.5,0.333333,no,partial,"pandas.DataFrame.dropna
pandas.DataFrame.sort_values","pandas.DataFrame.copy
pandas.DataFrame.shape
pandas.DataFrame.sort_values
pandas.Series.count",pandas.DataFrame.sort_values,"pandas.DataFrame.copy
pandas.DataFrame.shape
pandas.Series.count",pandas.DataFrame.dropna,
vnc_cmatrix_sort_tolist,,True,2,2,2,0,0,1.0,1.0,1.0,yes,exact,"pandas.DataFrame.sort_values
pandas.Series.to_list","pandas.DataFrame.sort_values
pandas.Series.to_list","pandas.DataFrame.sort_values
pandas.Series.to_list",,,
vnc_cmatrix_uid_to_index,,False,3,0,0,0,3,0.0,0.0,0.0,no,false-negative only,"pandas.DataFrame.loc
pandas.Series.values
pandas.isna",,,,"pandas.DataFrame.loc
pandas.Series.values
pandas.isna",
scoring_compare_methylation_pattern_migration,,True,5,5,5,0,0,1.0,1.0,1.0,yes,exact,"DataFrameGroupBy.agg
pandas.DataFrame.groupby
pandas.DataFrame.reset_index
pandas.NamedAgg
pandas.Series.isna","DataFrameGroupBy.agg
pandas.DataFrame.groupby
pandas.DataFrame.reset_index
pandas.NamedAgg
pandas.Series.isna","DataFrameGroupBy.agg
pandas.DataFrame.groupby
pandas.DataFrame.reset_index
pandas.NamedAgg
pandas.Series.isna",,,
scoring_compare_methylation_pattern_multiprocessed_migration,,True,3,4,3,1,0,0.75,1.0,0.857143,no,partial,"pandas.DataFrame
pandas.DataFrame.rename
pandas.concat","pandas.DataFrame
pandas.DataFrame.rename
pandas.Series.unique
pandas.concat","pandas.DataFrame
pandas.DataFrame.rename
pandas.concat",pandas.Series.unique,,
scoring_define_mean_methylation_thresholds_migration,,True,1,1,1,0,0,1.0,1.0,1.0,yes,exact,pandas.Series.astype,pandas.Series.astype,pandas.Series.astype,,,
scoring_process_bin_contig_merge_migration,,True,2,2,2,0,0,1.0,1.0,1.0,yes,exact,"pandas.Series.sum
pandas.merge","pandas.Series.sum
pandas.merge","pandas.Series.sum
pandas.merge",,,
1e52b4e7_concat_to_frame,,True,1,1,1,0,0,1.0,1.0,1.0,yes,exact,pandas.concat,pandas.concat,pandas.concat,,,
1ec015da_to_rank,,True,3,4,3,1,0,0.75,1.0,0.857143,no,partial,"pandas.DataFrame
pandas.DataFrame.set_index
pandas.DataFrame.sort_values","pandas.DataFrame
pandas.DataFrame.astype
pandas.DataFrame.set_index
pandas.DataFrame.sort_values","pandas.DataFrame
pandas.DataFrame.set_index
pandas.DataFrame.sort_values",pandas.DataFrame.astype,,
29097c0c_train_iloc_filter,,True,7,7,5,2,2,0.714286,0.714286,0.714286,no,partial,"pandas.DataFrame
pandas.DataFrame.iloc
pandas.DataFrame.set_index
pandas.Series.index
pandas.Series.rename
pandas.concat
pandas.merge","pandas.DataFrame
pandas.DataFrame.iloc
pandas.DataFrame.index
pandas.DataFrame.rename
pandas.DataFrame.set_index
pandas.concat
pandas.merge","pandas.DataFrame
pandas.DataFrame.iloc
pandas.DataFrame.set_index
pandas.concat
pandas.merge","pandas.DataFrame.index
pandas.DataFrame.rename","pandas.Series.index
pandas.Series.rename",
29097c0c_train_merge_concat,,False,6,0,0,0,6,0.0,0.0,0.0,no,false-negative only,"pandas.DataFrame
pandas.DataFrame.index
pandas.DataFrame.rename
pandas.DataFrame.set_index
pandas.concat
pandas.merge",,,,"pandas.DataFrame
pandas.DataFrame.index
pandas.DataFrame.rename
pandas.DataFrame.set_index
pandas.concat
pandas.merge",
29097c0c_to_dataset_read_wrap,,True,4,4,4,0,0,1.0,1.0,1.0,yes,exact,"pandas.DataFrame.columns
pandas.DataFrame.fillna
pandas.Series.apply
pandas.read_csv","pandas.DataFrame.columns
pandas.DataFrame.fillna
pandas.Series.apply
pandas.read_csv","pandas.DataFrame.columns
pandas.DataFrame.fillna
pandas.Series.apply
pandas.read_csv",,,
7e55b00b_sample_empty_df,,True,3,3,3,0,0,1.0,1.0,1.0,yes,exact,"pandas.DataFrame
pandas.DataFrame.columns
pandas.DataFrame.sample","pandas.DataFrame
pandas.DataFrame.columns
pandas.DataFrame.sample","pandas.DataFrame
pandas.DataFrame.columns
pandas.DataFrame.sample",,,
dcff23d0_filter_concat_all,,True,3,3,3,0,0,1.0,1.0,1.0,yes,exact,"pandas.DataFrame.all
pandas.DataFrame.loc
pandas.concat","pandas.DataFrame.all
pandas.DataFrame.loc
pandas.concat","pandas.DataFrame.all
pandas.DataFrame.loc
pandas.concat",,,
e3227f4f_split_empty_df,,True,2,2,2,0,0,1.0,1.0,1.0,yes,exact,"pandas.DataFrame
pandas.DataFrame.columns","pandas.DataFrame
pandas.DataFrame.columns","pandas.DataFrame
pandas.DataFrame.columns",,,
ed3b46c0_base_pattern_iloc,,True,3,2,2,0,1,1.0,0.666667,0.8,no,partial,"pandas.DataFrame.iloc
pandas.Series.iloc
pandas.Series.to_numpy","pandas.DataFrame.iloc
pandas.Series.to_numpy","pandas.DataFrame.iloc
pandas.Series.to_numpy",,pandas.Series.iloc,reshape
ed3b46c0_base_pattern_pred_concat,,False,6,0,0,0,6,0.0,0.0,0.0,no,false-negative only,"pandas.DataFrame
pandas.DataFrame.set_index
pandas.Series.index
pandas.Series.rename
pandas.concat
pandas.merge",,,,"pandas.DataFrame
pandas.DataFrame.set_index
pandas.Series.index
pandas.Series.rename
pandas.concat
pandas.merge",
ed3b46c0_classification_iloc,,True,3,2,2,0,1,1.0,0.666667,0.8,no,partial,"pandas.DataFrame.iloc
pandas.Series.iloc
pandas.Series.to_numpy","pandas.DataFrame.iloc
pandas.Series.to_numpy","pandas.DataFrame.iloc
pandas.Series.to_numpy",,pandas.Series.iloc,reshape
ed3b46c0_classification_pred_concat,,False,6,0,0,0,6,0.0,0.0,0.0,no,false-negative only,"pandas.DataFrame
pandas.DataFrame.set_index
pandas.Series.index
pandas.Series.to_numpy
pandas.concat
pandas.merge",,,,"pandas.DataFrame
pandas.DataFrame.set_index
pandas.Series.index
pandas.Series.to_numpy
pandas.concat
pandas.merge",
f11c29ae_dataset_df_clone,,True,4,5,3,2,1,0.6,0.75,0.666667,no,partial,"pandas.DataFrame
pandas.DataFrame.columns
pandas.DataFrame.copy
pandas.Index.to_list","pandas.DataFrame
pandas.DataFrame.columns
pandas.DataFrame.copy
pandas.DataFrame.loc
pandas.Series.to_list","pandas.DataFrame
pandas.DataFrame.columns
pandas.DataFrame.copy","pandas.DataFrame.loc
pandas.Series.to_list",pandas.Index.to_list,
f11c29ae_dataset_loc_select,,True,3,3,3,0,0,1.0,1.0,1.0,yes,exact,"pandas.DataFrame
pandas.DataFrame.copy
pandas.DataFrame.loc","pandas.DataFrame
pandas.DataFrame.copy
pandas.DataFrame.loc","pandas.DataFrame
pandas.DataFrame.copy
pandas.DataFrame.loc",,,
f11c29ae_dataset_save_load,,True,2,2,2,0,0,1.0,1.0,1.0,yes,exact,"pandas.DataFrame.to_csv
pandas.read_csv","pandas.DataFrame.to_csv
pandas.read_csv","pandas.DataFrame.to_csv
pandas.read_csv",,,"exists
open"
f11c29ae_dataset_to_pandas,,True,2,2,2,0,0,1.0,1.0,1.0,yes,exact,"pandas.DataFrame
pandas.DataFrame.copy","pandas.DataFrame
pandas.DataFrame.copy","pandas.DataFrame
pandas.DataFrame.copy",,,
99aff9e0_rename_columns_empty_df,,True,2,2,2,0,0,1.0,1.0,1.0,yes,exact,"pandas.DataFrame
pandas.DataFrame.columns","pandas.DataFrame
pandas.DataFrame.columns","pandas.DataFrame
pandas.DataFrame.columns",,,
0ffdf231_noaa_ghcn_inventory,,True,1,1,1,0,0,1.0,1.0,1.0,yes,exact,pandas.read_fwf,pandas.read_fwf,pandas.read_fwf,,,
0ffdf231_noaa_ghcn_stations,,True,1,1,1,0,0,1.0,1.0,1.0,yes,exact,pandas.read_fwf,pandas.read_fwf,pandas.read_fwf,,,
3c49cad1_bench_interp_cols,,True,1,2,1,1,0,0.5,1.0,0.666667,no,partial,pandas.Series.to_list,"pandas.Series.to_list
pandas.Series.values",pandas.Series.to_list,pandas.Series.values,,
3c49cad1_bench_interp_filter,,True,2,3,2,1,0,0.666667,1.0,0.8,no,partial,"pandas.Series.astype
pandas.Series.values","pandas.Series.astype
pandas.Series.to_list
pandas.Series.values","pandas.Series.astype
pandas.Series.values",pandas.Series.to_list,,
3c49cad1_bench_interp_time_regular,,True,2,2,2,0,0,1.0,1.0,1.0,yes,exact,"pandas.DataFrame.dropna
pandas.Series.to_list","pandas.DataFrame.dropna
pandas.Series.to_list","pandas.DataFrame.dropna
pandas.Series.to_list",,,
3c49cad1_bench_interp_time_rmse,,True,5,5,5,0,0,1.0,1.0,1.0,yes,exact,"pandas.Series
pandas.Series.dropna
pandas.Series.reset_index
pandas.Series.size
pandas.Series.sum","pandas.Series
pandas.Series.dropna
pandas.Series.reset_index
pandas.Series.size
pandas.Series.sum","pandas.Series
pandas.Series.dropna
pandas.Series.reset_index
pandas.Series.size
pandas.Series.sum",,,
3c49cad1_bench_precip_pct,,True,0,0,0,0,0,1.0,1.0,1.0,yes,exact,,,,,,
3c49cad1_bench_precip_regular,,True,2,4,2,2,0,0.5,1.0,0.666667,no,partial,"pandas.DataFrame.dropna
pandas.Series.to_list","pandas.DataFrame.all
pandas.DataFrame.dropna
pandas.DataFrame.pop
pandas.Series.to_list","pandas.DataFrame.dropna
pandas.Series.to_list","pandas.DataFrame.all
pandas.DataFrame.pop",,difference
3c49cad1_timeseries_extract,,True,3,1,1,0,2,1.0,0.333333,0.5,no,partial,"pandas.DataFrame.loc
pandas.Series.name
pandas.Series.values",pandas.DataFrame.loc,pandas.DataFrame.loc,,"pandas.Series.name
pandas.Series.values",
3c49cad1_timeseries_gain,,True,9,8,6,2,3,0.75,0.666667,0.705882,no,partial,"pandas.DataFrame
pandas.DataFrame.apply
pandas.DataFrame.loc
pandas.Series
pandas.Series.dropna
pandas.Series.name
pandas.Series.size
pandas.Series.sum
pandas.Series.values","pandas.DataFrame
pandas.DataFrame.apply
pandas.DataFrame.loc
pandas.DataFrame.size
pandas.DataFrame.sum
pandas.Series
pandas.Series.name
pandas.Series.values","pandas.DataFrame
pandas.DataFrame.apply
pandas.DataFrame.loc
pandas.Series
pandas.Series.name
pandas.Series.values","pandas.DataFrame.size
pandas.DataFrame.sum","pandas.Series.dropna
pandas.Series.size
pandas.Series.sum",
3c49cad1_mosmix_access_dataframe,,True,1,2,1,1,0,0.5,1.0,0.666667,no,partial,pandas.DataFrame.from_dict,"pandas.DataFrame
pandas.DataFrame.from_dict",pandas.DataFrame.from_dict,pandas.DataFrame,,
3c49cad1_mosmix_access_datetime,,True,2,2,2,0,0,1.0,1.0,1.0,yes,exact,"pandas.DatetimeIndex
pandas.Timestamp","pandas.DatetimeIndex
pandas.Timestamp","pandas.DatetimeIndex
pandas.Timestamp",,,
3c49cad1_radar_index_radolan,,True,3,1,1,0,2,1.0,0.333333,0.5,no,partial,"pandas.DataFrame.copy
pandas.Series.str.contains
pandas.Series.str.endswith",pandas.DataFrame.copy,pandas.DataFrame.copy,,"pandas.Series.str.contains
pandas.Series.str.endswith",
3c49cad1_radar_index_sweeps,,True,1,0,0,0,1,0.0,0.0,0.0,no,false-negative only,pandas.Series.str.endswith,,,,pandas.Series.str.endswith,
3c49cad1_radar_sites_cols,,True,6,8,6,2,0,0.75,1.0,0.857143,no,partial,"pandas.DataFrame.drop
pandas.DataFrame.insert
pandas.DataFrame.rename
pandas.DataFrame.reset_index
pandas.Series.apply
pandas.Series.values","pandas.DataFrame.apply
pandas.DataFrame.drop
pandas.DataFrame.insert
pandas.DataFrame.rename
pandas.DataFrame.replace
pandas.DataFrame.reset_index
pandas.Series.apply
pandas.Series.values","pandas.DataFrame.drop
pandas.DataFrame.insert
pandas.DataFrame.rename
pandas.DataFrame.reset_index
pandas.Series.apply
pandas.Series.values","pandas.DataFrame.apply
pandas.DataFrame.replace",,
3c49cad1_radar_sites_dicts,,True,1,1,1,0,0,1.0,1.0,1.0,yes,exact,pandas.DataFrame.to_dict,pandas.DataFrame.to_dict,pandas.DataFrame.to_dict,,,
3c49cad1_geosphere_all,,True,3,3,3,0,0,1.0,1.0,1.0,yes,exact,"pandas.DataFrame.drop
pandas.DataFrame.rename
pandas.read_csv","pandas.DataFrame.drop
pandas.DataFrame.rename
pandas.read_csv","pandas.DataFrame.drop
pandas.DataFrame.rename
pandas.read_csv",,,
3c49cad1_geosphere_collect,,True,11,10,9,1,2,0.9,0.818182,0.857143,no,partial,"pandas.DataFrame
pandas.DataFrame.explode
pandas.DataFrame.pop
pandas.Series
pandas.Series.apply
pandas.Series.astype
pandas.Series.explode
pandas.Series.map
pandas.Series.repeat
pandas.Series.values
pandas.to_datetime","pandas.DataFrame
pandas.DataFrame.explode
pandas.DataFrame.pop
pandas.DataFrame.values
pandas.Series
pandas.Series.apply
pandas.Series.astype
pandas.Series.map
pandas.Series.repeat
pandas.to_datetime","pandas.DataFrame
pandas.DataFrame.explode
pandas.DataFrame.pop
pandas.Series
pandas.Series.apply
pandas.Series.astype
pandas.Series.map
pandas.Series.repeat
pandas.to_datetime",pandas.DataFrame.values,"pandas.Series.explode
pandas.Series.values",
cb25a1c5_wsv_pegel,,True,1,1,1,0,0,1.0,1.0,1.0,yes,exact,pandas.read_json,pandas.read_json,pandas.read_json,,,lazy
a52cebfe_es_update_pivot_join,,False,2,0,0,0,2,0.0,0.0,0.0,no,false-negative only,"pandas.DataFrame.merge
pandas.Series.values",,,,"pandas.DataFrame.merge
pandas.Series.values",
a52cebfe_common_get_observations,,True,0,2,0,2,0,0.0,0.0,0.0,no,false-positive only,,"pandas.DataFrame.items
pandas.Series.values",,"pandas.DataFrame.items
pandas.Series.values",,flatten
a52cebfe_rft_concat_write,,True,6,6,5,1,1,0.833333,0.833333,0.833333,no,partial,"pandas.DataFrame.any
pandas.DataFrame.iloc
pandas.DataFrame.loc
pandas.DataFrame.set_index
pandas.DataFrame.to_csv
pandas.concat","pandas.DataFrame.iloc
pandas.DataFrame.loc
pandas.DataFrame.set_index
pandas.DataFrame.to_csv
pandas.Series.any
pandas.concat","pandas.DataFrame.iloc
pandas.DataFrame.loc
pandas.DataFrame.set_index
pandas.DataFrame.to_csv
pandas.concat",pandas.Series.any,pandas.DataFrame.any,
a52cebfe_rft_obs_join,,True,2,3,2,1,0,0.666667,1.0,0.8,no,partial,"pandas.DataFrame
pandas.concat","pandas.DataFrame
pandas.Series.values
pandas.concat","pandas.DataFrame
pandas.concat",pandas.Series.values,,append
e8fa7691_design_matrix_model,,True,6,5,3,2,3,0.6,0.5,0.545455,no,partial,"pandas.DataFrame.at
pandas.DataFrame.columns
pandas.DataFrame.index
pandas.DataFrame.iterrows
pandas.Index.astype
pandas.Index.to_list","pandas.DataFrame.astype
pandas.DataFrame.columns
pandas.DataFrame.index
pandas.DataFrame.iterrows
pandas.Series.to_list","pandas.DataFrame.columns
pandas.DataFrame.index
pandas.DataFrame.iterrows","pandas.DataFrame.astype
pandas.Series.to_list","pandas.DataFrame.at
pandas.Index.astype
pandas.Index.to_list",
acryo_loader_corr_max_with_columns_migration,,True,2,2,2,0,0,1.0,1.0,1.0,yes,exact,"pandas.DataFrame
pandas.concat","pandas.DataFrame
pandas.concat","pandas.DataFrame
pandas.concat",,,
acryo_loader_get_features_migration,,True,1,1,1,0,0,1.0,1.0,1.0,yes,exact,pandas.DataFrame,pandas.DataFrame,pandas.DataFrame,,,
acryo_loader_scores_with_columns_migration,,True,1,1,1,0,0,1.0,1.0,1.0,yes,exact,pandas.DataFrame.copy,pandas.DataFrame.copy,pandas.DataFrame.copy,,,
acryo_loader_update_features_migration,,True,1,1,1,0,0,1.0,1.0,1.0,yes,exact,pandas.DataFrame,pandas.DataFrame,pandas.DataFrame,,,
acryo_molecules_concat_migration,,True,2,2,2,0,0,1.0,1.0,1.0,yes,exact,"pandas.DataFrame
pandas.concat","pandas.DataFrame
pandas.concat","pandas.DataFrame
pandas.concat",,,
acryo_molecules_from_csv_migration,,True,4,4,4,0,0,1.0,1.0,1.0,yes,exact,"pandas.DataFrame
pandas.DataFrame.columns
pandas.DataFrame.iloc
pandas.read_csv","pandas.DataFrame
pandas.DataFrame.columns
pandas.DataFrame.iloc
pandas.read_csv","pandas.DataFrame
pandas.DataFrame.columns
pandas.DataFrame.iloc
pandas.read_csv",,,
acryo_molecules_rotation_copy_migration,,True,1,0,0,0,1,0.0,0.0,0.0,no,false-negative only,pandas.DataFrame.copy,,,,pandas.DataFrame.copy,
acryo_molecules_subset_migration,,True,1,1,1,0,0,1.0,1.0,1.0,yes,exact,pandas.DataFrame.iloc,pandas.DataFrame.iloc,pandas.DataFrame.iloc,,,
acryo_molecules_to_csv_migration,,True,1,1,1,0,0,1.0,1.0,1.0,yes,exact,pandas.DataFrame.to_csv,pandas.DataFrame.to_csv,pandas.DataFrame.to_csv,,,
acryo_molecules_to_dataframe_migration,,True,2,2,2,0,0,1.0,1.0,1.0,yes,exact,"pandas.DataFrame
pandas.concat","pandas.DataFrame
pandas.concat","pandas.DataFrame
pandas.concat",,,
src_onemod_utils_parameters_create_params_migration,,True,2,2,2,0,0,1.0,1.0,1.0,yes,exact,"pandas.DataFrame
pandas.DataFrame.index","pandas.DataFrame
pandas.DataFrame.index","pandas.DataFrame
pandas.DataFrame.index",,,
src_onemod_utils_parameters_get_params_migration,,True,5,3,3,0,2,1.0,0.6,0.75,no,partial,"pandas.DataFrame
pandas.DataFrame.drop
pandas.DataFrame.items
pandas.DataFrame.query
pandas.Series.item","pandas.DataFrame.drop
pandas.DataFrame.items
pandas.DataFrame.query","pandas.DataFrame.drop
pandas.DataFrame.items
pandas.DataFrame.query",,"pandas.DataFrame
pandas.Series.item",
8017f91b_hybrid_score_concat,,True,2,2,2,0,0,1.0,1.0,1.0,yes,exact,"pandas.Series.to_frame
pandas.concat","pandas.Series.to_frame
pandas.concat","pandas.Series.to_frame
pandas.concat",,,
8017f91b_precompute_cross_join,,True,4,4,4,0,0,1.0,1.0,1.0,yes,exact,"pandas.DataFrame
pandas.DataFrame.assign
pandas.DataFrame.index
pandas.DataFrame.set_index","pandas.DataFrame
pandas.DataFrame.assign
pandas.DataFrame.index
pandas.DataFrame.set_index","pandas.DataFrame
pandas.DataFrame.assign
pandas.DataFrame.index
pandas.DataFrame.set_index",,,progress_apply
8017f91b_embedder_frame,,True,3,3,3,0,0,1.0,1.0,1.0,yes,exact,"pandas.DataFrame.rename_axis
pandas.Series
pandas.Series.to_frame","pandas.DataFrame.rename_axis
pandas.Series
pandas.Series.to_frame","pandas.DataFrame.rename_axis
pandas.Series
pandas.Series.to_frame",,,
8017f91b_eval_hybrid_concat_sort,,False,4,0,0,0,4,0.0,0.0,0.0,no,false-negative only,"pandas.DataFrame.drop_duplicates
pandas.DataFrame.reset_index
pandas.DataFrame.sort_values
pandas.concat",,,,"pandas.DataFrame.drop_duplicates
pandas.DataFrame.reset_index
pandas.DataFrame.sort_values
pandas.concat",
8017f91b_eval_hybrid_load,,True,1,1,1,0,0,1.0,1.0,1.0,yes,exact,pandas.DataFrame,pandas.DataFrame,pandas.DataFrame,,,
8017f91b_io_parquet,,True,3,3,3,0,0,1.0,1.0,1.0,yes,exact,"pandas.DataFrame
pandas.DataFrame.to_pickle
pandas.read_pickle","pandas.DataFrame
pandas.DataFrame.to_pickle
pandas.read_pickle","pandas.DataFrame
pandas.DataFrame.to_pickle
pandas.read_pickle",,,
8c71f3c7_citation_models_fillna,,True,2,2,2,0,0,1.0,1.0,1.0,yes,exact,"pandas.DataFrame.assign
pandas.Series.fillna","pandas.DataFrame.assign
pandas.Series.fillna","pandas.DataFrame.assign
pandas.Series.fillna",,,
8c71f3c7_citation_models_rank,,True,2,2,2,0,0,1.0,1.0,1.0,yes,exact,"pandas.DataFrame.assign
pandas.Series.rank","pandas.DataFrame.assign
pandas.Series.rank","pandas.DataFrame.assign
pandas.Series.rank",,,
8c71f3c7_pairwise_loc_colname,,True,1,1,1,0,0,1.0,1.0,1.0,yes,exact,pandas.DataFrame.loc,pandas.DataFrame.loc,pandas.DataFrame.loc,,,
8c71f3c7_pairwise_loc_item,,True,2,2,2,0,0,1.0,1.0,1.0,yes,exact,"pandas.DataFrame.loc
pandas.Series.item","pandas.DataFrame.loc
pandas.Series.item","pandas.DataFrame.loc
pandas.Series.item",,,
readnext_hybrid_score_compare_scores_migration,,True,3,3,3,0,0,1.0,1.0,1.0,yes,exact,"pandas.DataFrame
pandas.Series.to_frame
pandas.concat","pandas.DataFrame
pandas.Series.to_frame
pandas.concat","pandas.DataFrame
pandas.Series.to_frame
pandas.concat",,,
readnext_hybrid_score_to_frame_migration,,True,1,1,1,0,0,1.0,1.0,1.0,yes,exact,pandas.DataFrame,pandas.DataFrame,pandas.DataFrame,,,
8c71f3c7_hybrid_scorer_citation_index,,False,2,0,0,0,2,0.0,0.0,0.0,no,false-negative only,"pandas.DataFrame.index
pandas.Index",,,,"pandas.DataFrame.index
pandas.Index",
8c71f3c7_hybrid_scorer_language_index,,False,2,0,0,0,2,0.0,0.0,0.0,no,false-negative only,"pandas.Index
pandas.Series.index",,,,"pandas.Index
pandas.Series.index",
8c71f3c7_precompute_df_construct,,True,2,2,2,0,0,1.0,1.0,1.0,yes,exact,"pandas.DataFrame
pandas.DataFrame.index","pandas.DataFrame
pandas.DataFrame.index","pandas.DataFrame
pandas.DataFrame.index",,,
8c71f3c7_attr_getter_unseen_frame,,True,2,2,2,0,0,1.0,1.0,1.0,yes,exact,"pandas.DataFrame
pandas.DataFrame.rename_axis","pandas.DataFrame
pandas.DataFrame.rename_axis","pandas.DataFrame
pandas.DataFrame.rename_axis",,,
8c71f3c7_attr_getter_unseen_iter,incomplete_snippet,False,0,0,0,0,0,1.0,1.0,1.0,yes,exact,,,,,,
8c71f3c7_input_converter_index,,False,3,0,0,0,3,0.0,0.0,0.0,no,false-negative only,"pandas.DataFrame.index
pandas.DataFrame.loc
pandas.Index.item",,,,"pandas.DataFrame.index
pandas.DataFrame.loc
pandas.Index.item",
8c71f3c7_input_converter_loc,,True,1,1,1,0,0,1.0,1.0,1.0,yes,exact,pandas.DataFrame.loc,pandas.DataFrame.loc,pandas.DataFrame.loc,,,
8c71f3c7_document_info_tolist,,True,1,1,1,0,0,1.0,1.0,1.0,yes,exact,pandas.Series.to_list,pandas.Series.to_list,pandas.Series.to_list,,,
8c71f3c7_embedder_frame,,True,3,3,3,0,0,1.0,1.0,1.0,yes,exact,"pandas.DataFrame.rename_axis
pandas.Series
pandas.Series.to_frame","pandas.DataFrame.rename_axis
pandas.Series
pandas.Series.to_frame","pandas.DataFrame.rename_axis
pandas.Series
pandas.Series.to_frame",,,
8c71f3c7_model_choice_load,,True,0,0,0,0,0,1.0,1.0,1.0,yes,exact,,,,,,
8c71f3c7_s4_combine_load_concat_write,,False,1,0,0,0,1,0.0,0.0,0.0,no,false-negative only,pandas.concat,,,,pandas.concat,
8c71f3c7_s8_combine_load_concat_write,,False,0,0,0,0,0,1.0,1.0,1.0,yes,exact,,,,,,
8c71f3c7_hybrid_score_concat,,True,1,2,1,1,0,0.5,1.0,0.666667,no,partial,pandas.concat,"pandas.Series.to_frame
pandas.concat",pandas.concat,pandas.Series.to_frame,,
medmodels_classic_distance_covariates_select_migration,,True,2,3,1,2,1,0.333333,0.5,0.4,no,partial,"pandas.DataFrame.columns
pandas.DataFrame.to_numpy","pandas.DataFrame.astype
pandas.DataFrame.columns
pandas.Series.to_numpy",pandas.DataFrame.columns,"pandas.DataFrame.astype
pandas.Series.to_numpy",pandas.DataFrame.to_numpy,
medmodels_classic_distance_match_migration,,True,7,12,7,5,0,0.583333,1.0,0.736842,no,partial,"pandas.DataFrame
pandas.DataFrame.astype
pandas.DataFrame.copy
pandas.DataFrame.empty
pandas.DataFrame.reset_index
pandas.DataFrame.transpose
pandas.concat","pandas.DataFrame
pandas.DataFrame.astype
pandas.DataFrame.columns
pandas.DataFrame.copy
pandas.DataFrame.empty
pandas.DataFrame.reset_index
pandas.DataFrame.to_numpy
pandas.DataFrame.transpose
pandas.Index
pandas.Series.T
pandas.Series.to_numpy
pandas.concat","pandas.DataFrame
pandas.DataFrame.astype
pandas.DataFrame.copy
pandas.DataFrame.empty
pandas.DataFrame.reset_index
pandas.DataFrame.transpose
pandas.concat","pandas.DataFrame.columns
pandas.DataFrame.to_numpy
pandas.Index
pandas.Series.T
pandas.Series.to_numpy",,inv
medmodels_propensity_score_prop_score_migration,,True,2,2,0,2,2,0.0,0.0,0.0,no,disjoint,"pandas.DataFrame.pop
pandas.DataFrame.to_numpy","pandas.DataFrame.astype
pandas.Series.to_numpy",,"pandas.DataFrame.astype
pandas.Series.to_numpy","pandas.DataFrame.pop
pandas.DataFrame.to_numpy",
medmodels_propensity_score_signature_migration,incomplete_snippet,True,2,2,2,0,0,1.0,1.0,1.0,yes,exact,"pandas.DataFrame
pandas.Index","pandas.DataFrame
pandas.Index","pandas.DataFrame
pandas.Index",,,
medmodels_medrecord_process_edges_dataframe_migration,,True,4,4,3,1,1,0.75,0.75,0.75,no,partial,"pandas.DataFrame
pandas.DataFrame.index
pandas.MultiIndex
pandas.MultiIndex.names","pandas.DataFrame
pandas.DataFrame.index
pandas.Index.names
pandas.MultiIndex","pandas.DataFrame
pandas.DataFrame.index
pandas.MultiIndex",pandas.Index.names,pandas.MultiIndex.names,
medmodels_medrecord_process_nodes_dataframe_migration,,True,2,4,2,2,0,0.5,1.0,0.666667,no,partial,"pandas.DataFrame.index
pandas.Index.name","pandas.DataFrame
pandas.DataFrame.index
pandas.Index
pandas.Index.name","pandas.DataFrame.index
pandas.Index.name","pandas.DataFrame
pandas.Index",,
marimo_chdb_cursor_rows,,True,1,1,1,0,0,1.0,1.0,1.0,yes,exact,pandas.DataFrame,pandas.DataFrame,pandas.DataFrame,,,"column_names
fetchall"
142b5bcb_tools_relocate,,True,3,3,2,1,1,0.666667,0.666667,0.666667,no,partial,"pandas.DataFrame
pandas.DataFrame.columns
pandas.Index.isin","pandas.DataFrame
pandas.DataFrame.columns
pandas.DataFrame.index","pandas.DataFrame
pandas.DataFrame.columns",pandas.DataFrame.index,pandas.Index.isin,
16645382_exp_stats_col_assign,,True,0,0,0,0,0,1.0,1.0,1.0,yes,exact,,,,,,
16645382_exp_stats_rename,,True,1,1,1,0,0,1.0,1.0,1.0,yes,exact,pandas.DataFrame.rename,pandas.DataFrame.rename,pandas.DataFrame.rename,,,
287a28d8_col_ends_with,,True,2,1,1,0,1,1.0,0.5,0.666667,no,partial,"pandas.DataFrame.columns
pandas.Index.str.endswith",pandas.DataFrame.columns,pandas.DataFrame.columns,,pandas.Index.str.endswith,
287a28d8_col_matches,,True,2,1,1,0,1,1.0,0.5,0.666667,no,partial,"pandas.DataFrame.columns
pandas.Index.str.contains",pandas.DataFrame.columns,pandas.DataFrame.columns,,pandas.Index.str.contains,
287a28d8_col_starts_with,,True,3,2,2,0,1,1.0,0.666667,0.8,no,partial,"pandas.DataFrame
pandas.DataFrame.columns
pandas.Index.str.startswith","pandas.DataFrame
pandas.DataFrame.columns","pandas.DataFrame
pandas.DataFrame.columns",,pandas.Index.str.startswith,
325e7c2b_dates_pol_interval,,True,2,2,1,1,1,0.5,0.5,0.5,no,partial,"pandas.DataFrame
pandas.Series.dt.days","pandas.DataFrame
pandas.Series",pandas.DataFrame,pandas.Series,pandas.Series.dt.days,
4bb33aa8_trx_stats_isin,,False,3,0,0,0,3,0.0,0.0,0.0,no,false-negative only,"pandas.DataFrame.columns
pandas.Series
pandas.Series.isin",,,,"pandas.DataFrame.columns
pandas.Series
pandas.Series.isin",
6f1c2684_datasets_read_csv,,True,1,1,1,0,0,1.0,1.0,1.0,yes,exact,pandas.read_csv,pandas.read_csv,pandas.read_csv,,,
8bb7bc3a_expose_isin,,False,0,0,0,0,0,1.0,1.0,1.0,yes,exact,,,,,,
a39f4527_expose_trx_join_filter,,False,2,0,0,0,2,0.0,0.0,0.0,no,false-negative only,"pandas.DataFrame.merge
pandas.DataFrame.query",,,,"pandas.DataFrame.merge
pandas.DataFrame.query",
a39f4527_expose_trx_left_join_fill,,True,5,4,4,0,1,1.0,0.8,0.888889,no,partial,"pandas.DataFrame.apply
pandas.DataFrame.columns
pandas.DataFrame.loc
pandas.DataFrame.merge
pandas.Series.fillna","pandas.DataFrame.apply
pandas.DataFrame.columns
pandas.DataFrame.loc
pandas.DataFrame.merge","pandas.DataFrame.apply
pandas.DataFrame.columns
pandas.DataFrame.loc
pandas.DataFrame.merge",,pandas.Series.fillna,
a39f4527_expose_trx_pivot,,False,4,0,0,0,4,0.0,0.0,0.0,no,false-negative only,"pandas.DataFrame.columns
pandas.DataFrame.pivot_table
pandas.DataFrame.reset_index
pandas.MultiIndex.to_flat_index",,,,"pandas.DataFrame.columns
pandas.DataFrame.pivot_table
pandas.DataFrame.reset_index
pandas.MultiIndex.to_flat_index",
a39f4527_expose_trx_unique,,True,10,8,8,0,2,1.0,0.8,0.888889,no,partial,"pandas.DataFrame.apply
pandas.DataFrame.columns
pandas.DataFrame.loc
pandas.DataFrame.merge
pandas.DataFrame.pivot_table
pandas.DataFrame.query
pandas.DataFrame.reset_index
pandas.MultiIndex.to_flat_index
pandas.Series.fillna
pandas.unique","pandas.DataFrame.apply
pandas.DataFrame.columns
pandas.DataFrame.loc
pandas.DataFrame.merge
pandas.DataFrame.pivot_table
pandas.DataFrame.query
pandas.DataFrame.reset_index
pandas.unique","pandas.DataFrame.apply
pandas.DataFrame.columns
pandas.DataFrame.loc
pandas.DataFrame.merge
pandas.DataFrame.pivot_table
pandas.DataFrame.query
pandas.DataFrame.reset_index
pandas.unique",,"pandas.MultiIndex.to_flat_index
pandas.Series.fillna",to_flat_index
bbe5d7e5_create_data_frame,,True,3,3,3,0,0,1.0,1.0,1.0,yes,exact,"pandas.DataFrame
pandas.Series
pandas.to_datetime","pandas.DataFrame
pandas.Series
pandas.to_datetime","pandas.DataFrame
pandas.Series
pandas.to_datetime",,,
bbe5d7e5_datasets_read_csv,,True,1,1,1,0,0,1.0,1.0,1.0,yes,exact,pandas.read_csv,pandas.read_csv,pandas.read_csv,,,
db5fc12b_expose_date_str,,True,1,1,1,0,0,1.0,1.0,1.0,yes,exact,pandas.to_datetime,pandas.to_datetime,pandas.to_datetime,,,
db5fc12b_expose_rename,,True,2,2,2,0,0,1.0,1.0,1.0,yes,exact,"pandas.DataFrame.columns
pandas.DataFrame.rename","pandas.DataFrame.columns
pandas.DataFrame.rename","pandas.DataFrame.columns
pandas.DataFrame.rename",,,
mexca_data_delete_filename_time_col_migration,,True,2,2,2,0,0,1.0,1.0,1.0,yes,exact,"pandas.DataFrame
pandas.DataFrame.columns","pandas.DataFrame
pandas.DataFrame.columns","pandas.DataFrame
pandas.DataFrame.columns",,,
mexca_data_merge_audio_text_features_migration,,True,2,2,2,0,0,1.0,1.0,1.0,yes,exact,"pandas.DataFrame
pandas.DataFrame.merge","pandas.DataFrame
pandas.DataFrame.merge","pandas.DataFrame
pandas.DataFrame.merge",,,
mexca_data_merge_features_migration,unsuitable,True,3,3,3,0,0,1.0,1.0,1.0,yes,exact,"pandas.DataFrame
pandas.DataFrame.insert
pandas.merge","pandas.DataFrame
pandas.DataFrame.insert
pandas.merge","pandas.DataFrame
pandas.DataFrame.insert
pandas.merge",,,
mexca_data_merge_video_annotation_migration,,True,1,1,1,0,0,1.0,1.0,1.0,yes,exact,pandas.DataFrame,pandas.DataFrame,pandas.DataFrame,,,model_dump
mexca_data_merge_voice_features_migration,,True,1,1,1,0,0,1.0,1.0,1.0,yes,exact,pandas.DataFrame,pandas.DataFrame,pandas.DataFrame,,,model_dump
pheval_gene_identifier_map,,True,1,1,1,0,0,1.0,1.0,1.0,yes,exact,pandas.DataFrame.iterrows,pandas.DataFrame.iterrows,pandas.DataFrame.iterrows,,,
pheval_parse_hgnc_data,,True,1,2,1,1,0,0.5,1.0,0.666667,no,partial,pandas.read_csv,"pandas.DataFrame.replace
pandas.read_csv",pandas.read_csv,pandas.DataFrame.replace,,dirname
mpds_get_dataframe,,True,1,1,1,0,0,1.0,1.0,1.0,yes,exact,pandas.DataFrame,pandas.DataFrame,pandas.DataFrame,,,
73a39d90_experiment_df_construct,,True,1,1,1,0,0,1.0,1.0,1.0,yes,exact,pandas.DataFrame,pandas.DataFrame,pandas.DataFrame,,,
73a39d90_metrics_bootstrap_filter,,True,1,1,1,0,0,1.0,1.0,1.0,yes,exact,pandas.Series.to_numpy,pandas.Series.to_numpy,pandas.Series.to_numpy,,,
73a39d90_metrics_groupby_agg,,True,5,5,5,0,0,1.0,1.0,1.0,yes,exact,"SeriesGroupBy.agg
pandas.DataFrame.astype
pandas.DataFrame.groupby
pandas.DataFrame.loc
pandas.DataFrame.rename","SeriesGroupBy.agg
pandas.DataFrame.astype
pandas.DataFrame.groupby
pandas.DataFrame.loc
pandas.DataFrame.rename","SeriesGroupBy.agg
pandas.DataFrame.astype
pandas.DataFrame.groupby
pandas.DataFrame.loc
pandas.DataFrame.rename",,,
73a39d90_metrics_groupby_partition,,True,6,2,2,0,4,1.0,0.333333,0.5,no,partial,"pandas.DataFrame
pandas.DataFrame.groupby
pandas.Series.mean
pandas.Series.median
pandas.Series.quantile
pandas.Series.std","pandas.DataFrame
pandas.DataFrame.groupby","pandas.DataFrame
pandas.DataFrame.groupby",,"pandas.Series.mean
pandas.Series.median
pandas.Series.quantile
pandas.Series.std",
73a39d90_run_concat_write,,True,2,2,2,0,0,1.0,1.0,1.0,yes,exact,"pandas.DataFrame.to_csv
pandas.concat","pandas.DataFrame.to_csv
pandas.concat","pandas.DataFrame.to_csv
pandas.concat",,,
73a39d90_run_dataframe_write,,True,2,2,2,0,0,1.0,1.0,1.0,yes,exact,"pandas.DataFrame
pandas.DataFrame.to_csv","pandas.DataFrame
pandas.DataFrame.to_csv","pandas.DataFrame
pandas.DataFrame.to_csv",,,
ultralytics_trainer_read_csv,,True,2,2,2,0,0,1.0,1.0,1.0,yes,exact,"pandas.DataFrame.to_dict
pandas.read_csv","pandas.DataFrame.to_dict
pandas.read_csv","pandas.DataFrame.to_dict
pandas.read_csv",,,
ultralytics_benchmarks_dataframe,,True,1,1,1,0,0,1.0,1.0,1.0,yes,exact,pandas.DataFrame,pandas.DataFrame,pandas.DataFrame,,,
ultralytics_benchmarks_metrics,,True,2,4,2,2,0,0.5,1.0,0.666667,no,partial,"pandas.Series.array
pandas.notna","pandas.DataFrame
pandas.DataFrame.fillna
pandas.Series.array
pandas.notna","pandas.Series.array
pandas.notna","pandas.DataFrame
pandas.DataFrame.fillna",,
ultralytics_wb_custom_table,,True,2,2,2,0,0,1.0,1.0,1.0,yes,exact,"pandas.DataFrame
pandas.DataFrame.round","pandas.DataFrame
pandas.DataFrame.round","pandas.DataFrame
pandas.DataFrame.round",,,
portfolio_stock_to_dict,unsuitable,False,0,0,0,0,0,1.0,1.0,1.0,yes,exact,,,,,,
portfolio_momentum_roc,,True,0,0,0,0,0,1.0,1.0,1.0,yes,exact,,,,,,roc
portfolio_momentum_rsi,,True,0,0,0,0,0,1.0,1.0,1.0,yes,exact,,,,,,rsi
portfolio_momentum_stoch_osc,,True,0,0,0,0,0,1.0,1.0,1.0,yes,exact,,,,,,
portfolio_momentum_stoch_rsi,,True,0,0,0,0,0,1.0,1.0,1.0,yes,exact,,,,,,
visivo_sqlalchemy_read_sql,,True,1,2,1,1,0,0.5,1.0,0.666667,no,partial,pandas.DataFrame,"pandas.DataFrame
pandas.DataFrame.keys",pandas.DataFrame,pandas.DataFrame.keys,,"close
fetchall"
img2table_cells_adjacent_redundant_migration,,True,1,1,1,0,0,1.0,1.0,1.0,yes,exact,pandas.DataFrame.max,pandas.DataFrame.max,pandas.DataFrame.max,,,
img2table_cells_clone_rename_migration,,True,2,1,1,0,1,1.0,0.5,0.666667,no,partial,"pandas.DataFrame.columns
pandas.DataFrame.copy",pandas.DataFrame.columns,pandas.DataFrame.columns,,pandas.DataFrame.copy,
img2table_cells_contained_migration,,True,0,0,0,0,0,1.0,1.0,1.0,yes,exact,,,,,,
img2table_cells_cross_join_filter_migration,,True,2,1,1,0,1,1.0,0.5,0.666667,no,partial,"pandas.DataFrame.merge
pandas.DataFrame.reset_index",pandas.DataFrame.merge,pandas.DataFrame.merge,,pandas.DataFrame.reset_index,
img2table_cells_intersection_area_migration,,False,0,0,0,0,0,1.0,1.0,1.0,yes,exact,,,,,,
img2table_cells_overlap_diff_migration,,True,3,3,3,0,0,1.0,1.0,1.0,yes,exact,"pandas.DataFrame.min
pandas.Series.abs
pandas.concat","pandas.DataFrame.min
pandas.Series.abs
pandas.concat","pandas.DataFrame.min
pandas.Series.abs
pandas.concat",,,
img2table_cells_redundant_removal_migration,,True,3,4,3,1,0,0.75,1.0,0.857143,no,partial,"pandas.DataFrame.drop
pandas.Series.drop_duplicates
pandas.Series.values","pandas.DataFrame.drop
pandas.Series.drop_duplicates
pandas.Series.to_list
pandas.Series.values","pandas.DataFrame.drop
pandas.Series.drop_duplicates
pandas.Series.values",pandas.Series.to_list,,
img2table_cells_vertical_deduplication_migration,,True,3,3,3,0,0,1.0,1.0,1.0,yes,exact,"DataFrameGroupBy.cumcount
pandas.DataFrame.groupby
pandas.DataFrame.sort_values","DataFrameGroupBy.cumcount
pandas.DataFrame.groupby
pandas.DataFrame.sort_values","DataFrameGroupBy.cumcount
pandas.DataFrame.groupby
pandas.DataFrame.sort_values",,,
img2table_cells_width_height_area_migration,,True,0,0,0,0,0,1.0,1.0,1.0,yes,exact,,,,,,
img2table_lines_cross_join_migration,,True,1,1,1,0,0,1.0,1.0,1.0,yes,exact,pandas.DataFrame.merge,pandas.DataFrame.merge,pandas.DataFrame.merge,,,
img2table_lines_df_lines_creation_migration,,True,4,4,4,0,0,1.0,1.0,1.0,yes,exact,"pandas.DataFrame
pandas.DataFrame.columns
pandas.DataFrame.max
pandas.concat","pandas.DataFrame
pandas.DataFrame.columns
pandas.DataFrame.max
pandas.concat","pandas.DataFrame
pandas.DataFrame.columns
pandas.DataFrame.max
pandas.concat",,,
img2table_lines_filter_words_migration,,True,1,1,1,0,0,1.0,1.0,1.0,yes,exact,pandas.Series.isna,pandas.Series.isna,pandas.Series.isna,,,
img2table_lines_groupby_sum_migration,,True,3,3,3,0,0,1.0,1.0,1.0,yes,exact,"DataFrameGroupBy.agg
pandas.DataFrame.groupby
pandas.DataFrame.reset_index","DataFrameGroupBy.agg
pandas.DataFrame.groupby
pandas.DataFrame.reset_index","DataFrameGroupBy.agg
pandas.DataFrame.groupby
pandas.DataFrame.reset_index",,,
img2table_lines_intersection_assignment_migration,,True,1,1,1,0,0,1.0,1.0,1.0,yes,exact,pandas.Series.astype,pandas.Series.astype,pandas.Series.astype,,,
img2table_lines_intersection_formula_migration,,True,4,4,4,0,0,1.0,1.0,1.0,yes,exact,"pandas.DataFrame.max
pandas.DataFrame.min
pandas.Series.astype
pandas.Series.clip","pandas.DataFrame.max
pandas.DataFrame.min
pandas.Series.astype
pandas.Series.clip","pandas.DataFrame.max
pandas.DataFrame.min
pandas.Series.astype
pandas.Series.clip",,,
img2table_lines_intersection_lines_filter_migration,,True,1,2,1,1,0,0.5,1.0,0.666667,no,partial,pandas.Series.values,"pandas.Series.to_list
pandas.Series.values",pandas.Series.values,pandas.Series.to_list,,
img2table_aws_textract_concat_lazy_migration,,True,1,1,1,0,0,1.0,1.0,1.0,yes,exact,pandas.concat,pandas.concat,pandas.concat,,,
img2table_aws_textract_list_dfs_migration,,True,1,1,1,0,0,1.0,1.0,1.0,yes,exact,pandas.DataFrame,pandas.DataFrame,pandas.DataFrame,,,
azure_ocr_concat_lazy,,True,1,1,1,0,0,1.0,1.0,1.0,yes,exact,pandas.concat,pandas.concat,pandas.concat,,,
azure_ocr_from_dicts,,True,1,1,1,0,0,1.0,1.0,1.0,yes,exact,pandas.DataFrame,pandas.DataFrame,pandas.DataFrame,,,
img2table_azure_concat_lazy_migration,duplicate,True,1,1,1,0,0,1.0,1.0,1.0,yes,exact,pandas.concat,pandas.concat,pandas.concat,,,
img2table_azure_list_dfs_migration,,True,1,1,1,0,0,1.0,1.0,1.0,yes,exact,pandas.DataFrame,pandas.DataFrame,pandas.DataFrame,,,
img2table_google_vision_concat_lazy_migration,duplicate,True,1,1,1,0,0,1.0,1.0,1.0,yes,exact,pandas.concat,pandas.concat,pandas.concat,,,
img2table_google_vision_list_dfs_migration,duplicate,True,1,1,1,0,0,1.0,1.0,1.0,yes,exact,pandas.DataFrame,pandas.DataFrame,pandas.DataFrame,,,
img2table_pdf_list_dfs_migration,,True,2,2,2,0,0,1.0,1.0,1.0,yes,exact,"pandas.DataFrame
pandas.concat","pandas.DataFrame
pandas.concat","pandas.DataFrame
pandas.concat",,,
tesseract_ocr_concat_lazy,duplicate,True,1,1,1,0,0,1.0,1.0,1.0,yes,exact,pandas.concat,pandas.concat,pandas.concat,,,
tesseract_ocr_from_dicts,,True,1,1,1,0,0,1.0,1.0,1.0,yes,exact,pandas.DataFrame,pandas.DataFrame,pandas.DataFrame,,,
efc0581f_textract_concat_lazy,duplicate,True,1,1,1,0,0,1.0,1.0,1.0,yes,exact,pandas.concat,pandas.concat,pandas.concat,,,
efc0581f_textract_from_dicts,,True,1,1,1,0,0,1.0,1.0,1.0,yes,exact,pandas.DataFrame,pandas.DataFrame,pandas.DataFrame,,,
efc0581f_azure_concat_lazy,duplicate,True,1,1,1,0,0,1.0,1.0,1.0,yes,exact,pandas.concat,pandas.concat,pandas.concat,,,
efc0581f_azure_from_dicts,duplicate,True,1,1,1,0,0,1.0,1.0,1.0,yes,exact,pandas.DataFrame,pandas.DataFrame,pandas.DataFrame,,,
efc0581f_data_assign_bbox,,True,3,2,2,0,1,1.0,0.666667,0.8,no,partial,"pandas.DataFrame.assign
pandas.DataFrame.max
pandas.DataFrame.min","pandas.DataFrame.max
pandas.DataFrame.min","pandas.DataFrame.max
pandas.DataFrame.min",,pandas.DataFrame.assign,
efc0581f_data_filter_page,,True,0,0,0,0,0,1.0,1.0,1.0,yes,exact,,,,,,
efc0581f_data_groupby_agg_text,,True,5,4,4,0,1,1.0,0.8,0.888889,no,partial,"DataFrameGroupBy.agg
pandas.DataFrame.groupby
pandas.DataFrame.sort_values
pandas.Series.astype
pandas.Series.str.cat","DataFrameGroupBy.agg
pandas.DataFrame.groupby
pandas.DataFrame.sort_values
pandas.Series.astype","DataFrameGroupBy.agg
pandas.DataFrame.groupby
pandas.DataFrame.sort_values
pandas.Series.astype",,pandas.Series.str.cat,strip
efc0581f_data_merge_cross,unsuitable,False,9,0,0,0,9,0.0,0.0,0.0,no,false-negative only,"DataFrameGroupBy.agg
pandas.DataFrame
pandas.DataFrame.groupby
pandas.DataFrame.max
pandas.DataFrame.merge
pandas.DataFrame.min
pandas.DataFrame.reset_index
pandas.DataFrame.sort_values
pandas.Series.notnull",,,,"DataFrameGroupBy.agg
pandas.DataFrame
pandas.DataFrame.groupby
pandas.DataFrame.max
pandas.DataFrame.merge
pandas.DataFrame.min
pandas.DataFrame.reset_index
pandas.DataFrame.sort_values
pandas.Series.notnull",
efc0581f_vision_concat_lazy,duplicate,True,1,1,1,0,0,1.0,1.0,1.0,yes,exact,pandas.concat,pandas.concat,pandas.concat,,,
efc0581f_vision_from_dicts,duplicate,True,1,1,1,0,0,1.0,1.0,1.0,yes,exact,pandas.DataFrame,pandas.DataFrame,pandas.DataFrame,,,
efc0581f_pdf_concat_lazy,unsuitable,True,0,0,0,0,0,1.0,1.0,1.0,yes,exact,,,,,,
efc0581f_pdf_from_dicts,,True,2,2,2,0,0,1.0,1.0,1.0,yes,exact,"pandas.DataFrame
pandas.concat","pandas.DataFrame
pandas.concat","pandas.DataFrame
pandas.concat",,,
efc0581f_tesseract_concat_lazy,duplicate,True,1,1,1,0,0,1.0,1.0,1.0,yes,exact,pandas.concat,pandas.concat,pandas.concat,,,
efc0581f_tesseract_from_dicts,duplicate,True,1,1,1,0,0,1.0,1.0,1.0,yes,exact,pandas.DataFrame,pandas.DataFrame,pandas.DataFrame,,,
efc0581f_tesseract_nan_none,,True,0,0,0,0,0,1.0,1.0,1.0,yes,exact,,,,,,
efc0581f_dedup_nested_cross_join,,True,2,1,1,0,1,1.0,0.5,0.666667,no,partial,"pandas.DataFrame.merge
pandas.DataFrame.reset_index",pandas.DataFrame.merge,pandas.DataFrame.merge,,pandas.DataFrame.reset_index,
efc0581f_dedup_redundant_filter,,True,3,4,3,1,0,0.75,1.0,0.857143,no,partial,"pandas.DataFrame.drop
pandas.Series.drop_duplicates
pandas.Series.values","pandas.DataFrame.drop
pandas.Series.drop_duplicates
pandas.Series.to_list
pandas.Series.values","pandas.DataFrame.drop
pandas.Series.drop_duplicates
pandas.Series.values",pandas.Series.to_list,,
efc0581f_dedup_vertical_sort_cumcount,,True,3,3,3,0,0,1.0,1.0,1.0,yes,exact,"DataFrameGroupBy.cumcount
pandas.DataFrame.groupby
pandas.DataFrame.sort_values","DataFrameGroupBy.cumcount
pandas.DataFrame.groupby
pandas.DataFrame.sort_values","DataFrameGroupBy.cumcount
pandas.DataFrame.groupby
pandas.DataFrame.sort_values",,,
efc0581f_ident_explode_cells,,True,7,7,7,0,0,1.0,1.0,1.0,yes,exact,"pandas.DataFrame
pandas.DataFrame.columns
pandas.DataFrame.explode
pandas.DataFrame.index
pandas.DataFrame.reset_index
pandas.Series.notnull
pandas.Series.to_list","pandas.DataFrame
pandas.DataFrame.columns
pandas.DataFrame.explode
pandas.DataFrame.index
pandas.DataFrame.reset_index
pandas.Series.notnull
pandas.Series.to_list","pandas.DataFrame
pandas.DataFrame.columns
pandas.DataFrame.explode
pandas.DataFrame.index
pandas.DataFrame.reset_index
pandas.Series.notnull
pandas.Series.to_list",,,
efc0581f_ident_from_dicts_cross,,True,3,17,3,14,0,0.176471,1.0,0.3,no,partial,"pandas.DataFrame
pandas.DataFrame.copy
pandas.DataFrame.merge","DataFrameGroupBy.agg
pandas.DataFrame
pandas.DataFrame.columns
pandas.DataFrame.copy
pandas.DataFrame.explode
pandas.DataFrame.groupby
pandas.DataFrame.index
pandas.DataFrame.max
pandas.DataFrame.merge
pandas.DataFrame.min
pandas.DataFrame.reset_index
pandas.DataFrame.round
pandas.Series
pandas.Series.abs
pandas.Series.notnull
pandas.Series.to_list
pandas.concat","pandas.DataFrame
pandas.DataFrame.copy
pandas.DataFrame.merge","DataFrameGroupBy.agg
pandas.DataFrame.columns
pandas.DataFrame.explode
pandas.DataFrame.groupby
pandas.DataFrame.index
pandas.DataFrame.max
pandas.DataFrame.min
pandas.DataFrame.reset_index
pandas.DataFrame.round
pandas.Series
pandas.Series.abs
pandas.Series.notnull
pandas.Series.to_list
pandas.concat",,
efc0581f_ident_with_columns_conditions,,True,1,1,1,0,0,1.0,1.0,1.0,yes,exact,pandas.Series.abs,pandas.Series.abs,pandas.Series.abs,,,
efc0581f_lines_filter_words,,True,1,1,1,0,0,1.0,1.0,1.0,yes,exact,pandas.Series.isna,pandas.Series.isna,pandas.Series.isna,,,
efc0581f_lines_from_dicts_lazy,,True,4,4,4,0,0,1.0,1.0,1.0,yes,exact,"pandas.DataFrame
pandas.DataFrame.columns
pandas.DataFrame.max
pandas.concat","pandas.DataFrame
pandas.DataFrame.columns
pandas.DataFrame.max
pandas.concat","pandas.DataFrame
pandas.DataFrame.columns
pandas.DataFrame.max
pandas.concat",,,
efc0581f_lines_groupby_filter,,True,4,5,4,1,0,0.8,1.0,0.888889,no,partial,"DataFrameGroupBy.agg
pandas.DataFrame.groupby
pandas.DataFrame.reset_index
pandas.Series.values","DataFrameGroupBy.agg
pandas.DataFrame.groupby
pandas.DataFrame.reset_index
pandas.Series.to_list
pandas.Series.values","DataFrameGroupBy.agg
pandas.DataFrame.groupby
pandas.DataFrame.reset_index
pandas.Series.values",pandas.Series.to_list,,
a52cebfe_es_update_scaling_factors,unsuitable,True,0,3,0,3,0,0.0,0.0,0.0,no,false-positive only,,"pandas.DataFrame.set_index
pandas.DataFrame.to_xarray
pandas.concat",,"pandas.DataFrame.set_index
pandas.DataFrame.to_xarray
pandas.concat",,
a52cebfe_common_summary_filter,,True,0,4,0,4,0,0.0,0.0,0.0,no,false-positive only,,"pandas.DataFrame.index
pandas.DataFrame.xs
pandas.Index.rename
pandas.Series.reorder_levels",,"pandas.DataFrame.index
pandas.DataFrame.xs
pandas.Index.rename
pandas.Series.reorder_levels",,
a52cebfe_measured_data_pivot_join,unsuitable,False,0,0,0,0,0,1.0,1.0,1.0,yes,exact,,,,,,
acryo_molecules_translation_copy_migration,unsuitable,True,0,0,0,0,0,1.0,1.0,1.0,yes,exact,,,,,,
8017f91b_pairwise_cosine_loc,,True,0,2,0,2,0,0.0,0.0,0.0,no,false-positive only,,"pandas.DataFrame.loc
pandas.Series.item",,"pandas.DataFrame.loc
pandas.Series.item",,
8017f91b_pairwise_loc_filter,,True,0,1,0,1,0,0.0,0.0,0.0,no,false-positive only,,pandas.DataFrame.loc,,pandas.DataFrame.loc,,
8017f91b_hybrid_score_frame,,True,0,1,0,1,0,0.0,0.0,0.0,no,false-positive only,,pandas.DataFrame,,pandas.DataFrame,,
8017f91b_precompute_id_cross_frame,unsuitable,True,0,1,0,1,0,0.0,0.0,0.0,no,false-positive only,,pandas.DataFrame.index,,pandas.DataFrame.index,,
8017f91b_input_loc_col,,True,0,1,0,1,0,0.0,0.0,0.0,no,false-positive only,,pandas.DataFrame.loc,,pandas.DataFrame.loc,,
8017f91b_input_loc_index_item,,False,0,0,0,0,0,1.0,1.0,1.0,yes,exact,,,,,,
8017f91b_model_data_lang_loc_filter,unsuitable,True,0,1,0,1,0,0.0,0.0,0.0,no,false-positive only,,pandas.DataFrame.loc,,pandas.DataFrame.loc,,
8017f91b_model_data_loc_filter,unsuitable,True,0,1,0,1,0,0.0,0.0,0.0,no,false-positive only,,pandas.DataFrame.loc,,pandas.DataFrame.loc,,
pheval_gene_updater_find_identifier,unsuitable,True,0,2,0,2,0,0.0,0.0,0.0,no,false-positive only,,"pandas.DataFrame.items
pandas.DataFrame.keys",,"pandas.DataFrame.items
pandas.DataFrame.keys",,
pheval_gene_updater_find_symbol,unsuitable,True,0,0,0,0,0,1.0,1.0,1.0,yes,exact,,,,,,
ultralytics_benchmarks_config,unsuitable,True,0,1,0,1,0,0.0,0.0,0.0,no,false-positive only,,pandas.options,,pandas.options,,
portfolio_stock_from_pandas,,True,0,1,0,1,0,0.0,0.0,0.0,no,false-positive only,,pandas.DataFrame.index,,pandas.DataFrame.index,,
img2table_pdf_concat_lazy_migration,unsuitable,True,0,0,0,0,0,1.0,1.0,1.0,yes,exact,,,,,,
