snippet_id,pandas_code
05afd878_evaluate_coassembly_edges,"import pandas as pd

    elusive_edges[""sample1""] = elusive_edges[""sample1""].apply(lambda x: re.sub(r""\.1$"", """", x))
    elusive_edges[""sample2""] = elusive_edges[""sample2""].apply(lambda x: re.sub(r""\.1$"", """", x))
    elusive_edges = (elusive_edges
        .set_index(""sample1"")
        .join(elusive_clusters)
        .reset_index()
        .rename(columns={""index"": ""sample1""})
        .set_index(""sample2"")
        .join(elusive_clusters, rsuffix=""2"")
        .reset_index()
        .rename(columns={""index"": ""sample2""})
        )
    coassembly_edges = elusive_edges[elusive_edges[""coassembly""] == elusive_edges[""coassembly2""]].copy()
    coassembly_edges[""target""] = coassembly_edges[""target_ids""].str.split("","")
    coassembly_edges = coassembly_edges.explode(""target"").drop_duplicates([""target"", ""coassembly""]).set_index(""target"")[[""coassembly""]]"
05afd878_evaluate_combined,"import pandas as pd

    combined_otu_table = recovered_otu_table.set_index([""coassembly"", ""gene"", ""sequence""])[[""genome"", ""taxonomy""]].join(haystack_otu_table, how=""outer"", rsuffix=""old"").reset_index()
    combined_otu_table[""taxonomy""] = combined_otu_table[""taxonomy""].combine(combined_otu_table[""taxonomyold""], lambda a,b: a if not pd.isna(a) else b)
    combined_otu_table = combined_otu_table.drop(""taxonomyold"", axis=1)
    combined_otu_table = combined_otu_table[combined_otu_table[""coassembly""].isin(recovered_coassemblies)]
    combined_otu_table = combined_otu_table[combined_otu_table[""genome""].notnull() | combined_otu_table[""target""].notnull()]"
05afd878_evaluate_nontarget,"import pandas as pd

    binned_otu_table[""sample""] = binned_otu_table[""sample""].apply(lambda x: re.sub(r""\.1$"", """", x))
    nontarget_otu_table = (binned_otu_table
        .set_index([""sample""])[[""gene"", ""sequence"", ""taxonomy"", ""found_in""]]
        .join(elusive_clusters)
        .dropna(subset=[""coassembly""])
        .drop_duplicates()
        .set_index([""coassembly"", ""gene"", ""sequence""])
        )
    nontarget_otu_table[""target""] = None

    haystack_otu_table = pd.concat([elusive_otu_table, nontarget_otu_table])"
05afd878_evaluate_unbinned,"import pandas as pd

    unbinned_otu_table = unbinned_otu_table.groupby([""gene"", ""sequence""]).first()[[""target"", ""taxonomy""]].reset_index()
    unbinned_otu_table.dropna(inplace=True)
    unbinned_otu_table[""target""] = unbinned_otu_table[""target""].astype(str)"
1f8af3a3_target_elusive_sample_pairs,"import pandas as pd

    sample_pairs = (unbinned
        .groupby(""target"")
        .apply(find_pairs)
        .to_frame(""sample_pairs"")
        .explode(""sample_pairs"")
        .dropna(subset = ""sample_pairs"")
        .join(taxonomy)
        .reset_index()
        )
    sample_pairs[""taxa_group""] = sample_pairs[""taxonomy""].apply(get_taxa_group)
    sample_pairs = sample_pairs.dropna(subset = ""taxa_group"")"
1f8af3a3_target_elusive_sparse_edges,"import pandas as pd

    sparse_edges = (sample_pairs
        .groupby([""taxa_group"", ""sample_pairs""])[""target""]
        .agg([""count"", lambda x: "","".join(sorted(x))])
        .reset_index()
        )
    sparse_edges.rename(columns = {""count"": ""weight"", ""<lambda_0>"": ""target_ids""}, inplace=True)"
1f8af3a3_target_elusive_unbinned,"import pandas as pd

    unbinned.drop([""found_in""], axis=1, errors=""ignore"", inplace=True)
    unbinned[""target""] = unbinned.groupby([""gene"", ""sequence""]).ngroup()
    unbinned[""target""] = unbinned[""target""].astype(str)

    taxonomy = unbinned.groupby(""target"")[""taxonomy""].first()"
83c12695_collect_filter,"import pandas as pd

    appraise_binned[""sample""] = appraise_binned[""sample""].str.replace(""\.1$"", """", regex=True)
    appraise_binned = appraise_binned[appraise_binned[""sample""] == sample]"
83c12695_collect_pivot,"import pandas as pd

    appraise_binned[""found_in""] = appraise_binned[""found_in""].str.split("","")
    appraise_binned = appraise_binned.explode(""found_in"")
    appraise_binned[""found_in""] = appraise_binned[""found_in""].str.replace(""_protein$"", """", regex=True)

    trimmed_binned = (appraise_binned.groupby([""gene"", ""found_in""])[""coverage""]
        .sum()
        .reset_index()
        .pivot(index=""gene"", columns=""found_in"", values=""coverage"")
        .reset_index()
        .melt(id_vars=""gene"")
        .fillna(0)
        .groupby(""found_in"")[""value""]
        .apply(trimmed_mean)
        .reset_index()
        )
    reference_bins = set(trimmed_binned[trimmed_binned[""value""] > 0][""found_in""].to_list())"
92e35040_query_appraised,"import pandas as pd

    appraised = (query_read
        .rename(columns = {""marker"": ""gene"", ""query_name"":""sample"", ""query_sequence"": ""sequence"", ""sample"": ""found_in""})
        .drop([""taxonomy"", ""num_hits"", ""coverage""], axis=1, errors=""ignore"")
        .set_index([""gene"", ""sample"", ""sequence""])
        .join(pipe_read.set_index([""gene"", ""sample"", ""sequence""]), on = [""gene"", ""sample"", ""sequence""], how = ""inner"")
        .reset_index()
        .groupby([""gene"", ""sample"", ""sequence"", ""num_hits"", ""coverage"", ""taxonomy"", ""divergence""])[""found_in""]
        .agg(lambda x: "","".join(sorted(x)))
        .reset_index()
        )"
92e35040_query_binned_unbinned,"import pandas as pd

def before_binned_unbinned(
    appraised: pd.DataFrame,
    pipe_read: pd.DataFrame,
    output_columns: list,
) -> tuple:
    binned = (appraised[appraised[""binned""]]
              .drop([""divergence"",""binned""], axis=1)
              .reset_index(drop=True))
    unbinned = pipe_read.join(
        appraised.set_index(output_columns[0:-1]),
        on=output_columns[0:-1],
    )
    unbinned = (unbinned[~unbinned[""binned""].fillna(False)]
                .drop([""divergence"",""binned""], axis=1)
                .reset_index(drop=True))
    unbinned[""found_in""] = None
    return binned, unbinned
"
92e35040_query_write_csv,"import pandas as pd

    first = True
    for binned, unbinned in outputs:
        binned.to_csv(binned_path, sep = ""\t"", mode = ""a"", header = first, index = False)
        unbinned.to_csv(unbinned_path, sep = ""\t"", mode = ""a"", header = first, index = False)
        first = False"
a841955a_summarise_select,"import pandas as pd

    summary = elusive_clusters[[""coassembly"", ""samples"", ""length"", ""total_targets"", ""total_size""]]"
a841955a_summarise_unmapped,"import pandas as pd

    read_size = pd.read_csv(snakemake.input.read_size, names = [""sample"", ""read_size""])
    read_sizes = read_size.set_index(""sample"").to_dict()[""read_size""]
    summary[""unmapped_size""] = summary[""samples""].apply(lambda x: sum([read_sizes[sample] for sample in x.split("","")]))"
d90ed416_ibis_filter,"import pandas as pd

        checkm_out = pd.read_csv(checkm_out_dict[coassembly], sep = ""\t"")
        passed_bins = checkm_out[(checkm_out[completeness_col] >= min_completeness) & (checkm_out[contamination_col] <= max_contamination)][""Bin Id""].to_list()"
d90ed416_ibis_isin,"import pandas as pd

        elusive_clusters = pd.read_csv(os.path.abspath(args.elusive_clusters), sep=""\t"")
        elusive_clusters = elusive_clusters[elusive_clusters[""coassembly""].isin(args.coassemblies)]"
d90ed416_ibis_join,"import pandas as pd

            old_cluster = pd.read_csv(cluster, sep=""\t"")
            comb_cluster = (
                new_cluster
                .set_index(""samples"")[[""coassembly""]]
                .join(old_cluster.set_index(""samples"")[[""length""]], how=""inner"")
                )
            if not comb_cluster.empty:
                comb_cluster.apply(lambda x: logging.warn(f""{x['coassembly']} has been previously suggested""), axis=1)"
adjacency_create_matrix_loop,"    for id in fp.index:
        nex = fp.loc[id][""toid""]
        try:
            ds_wb = network.loc[nex][""toid""]
        except KeyError:
            ...
        if isinstance(ds_wb, gpd.pd.Series):
            ds_wb = ds_wb.iloc[0]
        sorter.add(ds_wb, id)
        # mutations:
        network.loc[nex, ""toid""] = ds_wb
        network.loc[ds_wb, ""toid""] = np.nan
        fp.loc[ds_wb, ""toid""] = np.nan"
adjacency_read_file_to_polars,"    fp = gpd.read_file(args.pkg, layer=""flowpaths"").set_index(""id"")
    network = gpd.read_file(args.pkg, layer=""network"").set_index(""id"")"
774f17e7_mane_transcript_filter_row,"import pandas as pd

        if df.empty:
            logger.warning(f""Unable to get transcripts from gene {gene}"")
            return None

        for tx_ac in prioritized_tx_acs:
            tmp_df = df.loc[df[""tx_ac""] == tx_ac].sort_values(""alt_ac"", ascending=False)
            row = tmp_df.iloc[0]
"
774f17e7_mane_transcript_parse_ac,"import pandas as pd

        copy_df[""ac_no_version_as_int""] = copy_df[""tx_ac""].apply(
            lambda x: int(x.split(""."")[0].split(""NM_"")[1])
        )
        copy_df[""ac_version""] = copy_df[""tx_ac""].apply(lambda x: x.split(""."")[1])
        copy_df = copy_df.sort_values(
            [""ac_no_version_as_int"", ""ac_version""], ascending=[False, False]
        )"
774f17e7_mane_mappings_filter_symbol,"import pandas as pd

        data = self.df.loc[self.df[""symbol""] == gene_symbol.upper()]

        if len(data) == 0:
            logger.warning(f""Unable to get MANE Transcript data for gene: {gene_symbol}"")
            return None

        data = data.sort_values(""MANE_status"")
        return data.to_dict(""records"")
"
774f17e7_mane_mappings_genomic_filter,"import pandas as pd

        mane_rows = self.df[
            (start >= self.df[""chr_start""].astype(int))
            & (end <= self.df[""chr_end""].astype(int))
            & (self.df[""GRCh38_chr""] == alt_ac)
        ]
        mane_rows = mane_rows.sort_values(""MANE_status"", ascending=False)
        return mane_rows.to_dict(""records"")"
774f17e7_mane_mappings_isin,"import pandas as pd

    def get_mane_from_transcripts(self, transcripts: List[str]) -> List[Dict]:
        """"""Get mane transcripts from a list of transcripts

        :param List[str] transcripts: RefSeq transcripts on c. coordinate
        :return: MANE data
        """"""
        mane_rows = self.df[""RefSeq_nuc""].isin(transcripts)
        result = self.df[mane_rows]
        if len(result) == 0:
            return []
        return result.to_dict(""records"")
"
774f17e7_mane_mappings_load,"import pandas as pd

        return pd.read_csv(self.mane_data_path, delimiter=""\t"")"
774f17e7_uta_database_construct,"import pandas as pd

        return pd.DataFrame(
            results, columns=[""pro_ac"", ""tx_ac"", ""alt_ac"", ""cds_start_i""]
        ).drop_duplicates()"
quant_trading_strategy_backtester_data_load_yfinance_data_two_tickers_migration,"import pandas as pd

@st.cache_data
def load_yfinance_data_two_tickers(
    ticker1: str, ticker2: str, start_date: datetime.date, end_date: datetime.date
) -> pd.DataFrame:
    data1 = yf.download(ticker1, start=start_date, end=end_date)
    data2 = yf.download(ticker2, start=start_date, end=end_date)
    combined_data = pd.DataFrame({""Close_1"": data1[""Close""], ""Close_2"": data2[""Close""]})
    return combined_data
"
quant_backtester_calculate_returns_migration,"import pandas as pd

portfolio = pd.DataFrame(index=signals.index)
portfolio[""positions""] = signals[""positions""]

# Pairs trading
if ""Close_1"" in self.data.columns and ""Close_2"" in self.data.columns:
    portfolio[""asset_returns""] = (
        self.data[""Close_1""].pct_change() - self.data[""Close_2""].pct_change()
    )
# Single asset trading
elif ""Close"" in self.data.columns:
    portfolio[""asset_returns""] = self.data[""Close""].pct_change()
else:
    raise ValueError(""Data does not contain required 'Close' columns"")

portfolio[""strategy_returns""] = (
    portfolio[""positions""].shift(1) * portfolio[""asset_returns""]
)
# Handle potential NaN or inf values
portfolio[""strategy_returns""] = (
    portfolio[""strategy_returns""].replace([np.inf, -np.inf], np.nan).fillna(0)
)
portfolio[""cumulative_returns""] = (1 + portfolio[""strategy_returns""]).cumprod()
portfolio[""equity_curve""] = (
    self.initial_capital * portfolio[""cumulative_returns""]
)"
quant_backtester_performance_metrics_migration,"import pandas as pd

total_return = self.results[""cumulative_returns""].iloc[-1] - 1

returns_mean = self.results[""strategy_returns""].mean()
returns_std = self.results[""strategy_returns""].std()
if returns_std != 0 and not np.isnan(returns_std):
    sharpe_ratio = np.sqrt(252) * returns_mean / returns_std
else:
    sharpe_ratio = np.nan

drawdowns = (
    self.results[""equity_curve""] / self.results[""equity_curve""].cummax() - 1
)
max_drawdown = drawdowns.min()"
b36214f9_preprocess_attrs_registry,"import pandas as pd

def preprocess_dataframe(df: pd.DataFrame) -> pd.DataFrame:
    logger.info(
        f""Starting DataFrame preprocessing: {df.shape[0]} rows, {df.shape[1]} columns""
    )

    cleaned_columns, original_columns = clean_column_names(df)

    processed_df = df.copy()
    processed_df.columns = cleaned_columns

    processed_df.attrs[""original_columns""] = original_columns
    processed_df.attrs[""column_mapping""] = dict(zip(cleaned_columns, original_columns))

    logger.info(""DataFrame preprocessing completed successfully"")
    logger.debug(
        f""Column mapping created: {len(processed_df.attrs['column_mapping'])} entries""
    )

    return processed_df

def get_original_column_name(df: pd.DataFrame, cleaned_name: str) -> str:
    if hasattr(df, ""attrs"") and ""column_mapping"" in df.attrs:
        original_name = df.attrs[""column_mapping""].get(cleaned_name, cleaned_name)
        if original_name != cleaned_name:
            logger.debug(
                f""Retrieved original column name: '{cleaned_name}' -> '{original_name}'""
            )
        return original_name

    logger.debug(f""No column mapping found, returning cleaned name: '{cleaned_name}'"")
    return cleaned_name
"
b36214f9_preprocess_columns_tolist,"import pandas as pd

def clean_column_names(df: pd.DataFrame):
    original_columns = df.columns.tolist()
    cleaned_columns = []

    for i, col in enumerate(original_columns):
        if pd.isna(col) or col == """":
            cleaned_columns.append(f""column_{i}"")
        else:
            cleaned_columns.append(str(col))

    return cleaned_columns, original_columns
"
b36214f9_preprocess_shape_rename,"import pandas as pd

def preprocess_dataframe(df: pd.DataFrame) -> pd.DataFrame:
    logger.info(
        f""Starting DataFrame preprocessing: {df.shape[0]} rows, {df.shape[1]} columns""
    )

    cleaned_columns, original_columns = clean_column_names(df)

    processed_df = df.copy()
    processed_df.columns = cleaned_columns

    processed_df.attrs[""original_columns""] = original_columns

    return processed_df
"
b36214f9_session_dropna_unique,"import pandas as pd

        unique_values = database_info[""db""].dropna().unique()"
b36214f9_session_read_csv,"import pandas as pd
from io import StringIO

        database_info = pd.read_csv(StringIO(query_result))

        if database_info.empty or ""db"" not in database_info.columns:
            logger.warning(""No column information found in the RDF store"")
            return None

        unique_values = database_info[""db""].dropna().unique()
"
vnc_cmatrix_loc_filter_item,"import pandas as pd

    def __convert_index_to_uid(
        self, index: int | list[int], axis: typing.Literal[""row"", ""column""] = ""row""
    ):
        if isinstance(index, int):
            index = [index]
        lookup = self.get_lookup()
        if axis == ""row"":
            uids = [lookup.loc[lookup[""row_index""] == id].uid.values[0] for id in index]
        elif axis == ""column"":
            uids = [
                lookup.loc[lookup[""column_index""] == id].uid.values[0] for id in index
            ]
        else:
            raise ValueError('The axis must be either ""row"" or ""column"".')
        return uids

    def __convert_index_to_bodyid(self, index, axis=""row""):
        if isinstance(index, int):
            index = [index]
        lookup = self.get_lookup()
        if axis == ""row"":
            body_ids = [
                lookup.loc[lookup[""row_index""] == id].body_id.values[0] for id in index
            ]
        elif axis == ""column"":
            body_ids = [
                lookup.loc[lookup[""column_index""] == id].body_id.values[0]
                for id in index
            ]
        else:
            raise ValueError('The axis must be either ""row"" or ""column"".')
        return body_ids

    def __get_uids_from_bodyids(self, body_ids: list[BodyId] | list[int]) -> list[UID]:
        lookup = self.get_lookup().copy()
        lookup = lookup[lookup[""body_id""].isin(body_ids)]
        missing = set(body_ids) - set(lookup[""body_id""].tolist())
        if len(missing) > 0:
            print(f""Warning: {len(missing)} body ids not found."")
        uids = lookup[""uid""].tolist()
        return uids
"
vnc_cmatrix_lookup_init,"import pandas as pd

    def __init__(
        self,
        matrix: sc.sparse.csr_matrix,
        lookup: pd.DataFrame,
        CR: ConnectomeReader | None = None,
    ):
        if not sc.sparse.issparse(matrix):
            matrix = sc.sparse.csr_matrix(matrix)
        if not isinstance(matrix, sc.sparse.csr_matrix):
            matrix = matrix.tocsr()
        self.matrix = matrix

        if not isinstance(lookup, pd.DataFrame):
            raise ValueError(""The lookup must be a pandas dataframe."")

        lookup = lookup.copy()
        lookup[""row_index""] = lookup[""index""].values
        lookup[""column_index""] = lookup[""index""].values
        self.lookup = lookup.drop(columns=""index"")

        if not all(self.lookup[""row_index""].isin(range(self.matrix.shape[0]))):
            raise ValueError(
                ""The lookup must include row indices up to the length of the matrix.""
            )
        if not all(self.lookup[""column_index""].isin(range(self.matrix.shape[1]))):
            raise ValueError(
                ""The lookup must include column indices up to the length of the matrix.""
            )

        self.CR = CR or default_connectome_reader()
"
vnc_cmatrix_reindex,"import pandas as pd

    def __update_indexing(self):
        lookup = self.get_lookup().copy()

        lookup.sort_values(by=""row_index"", inplace=True)
        n_rows = lookup[""row_index""].count()
        n_nan = len(lookup) - n_rows
        new_row_indices = list(range(n_rows))
        new_row_indices.extend(np.nan * np.ones(n_nan))
        lookup[""row_index""] = new_row_indices

        lookup = lookup.sort_values(by=""column_index"")
        n_columns = lookup[""column_index""].count()
        n_nan = len(lookup) - n_columns
        new_column_indices = list(range(n_columns))
        new_column_indices.extend(np.nan * np.ones(n_nan))
        lookup[""column_index""] = new_column_indices

        lookup.dropna(
            axis=""index"",
            subset=[""row_index"", ""column_index""],
            how=""all"",
            inplace=True,
        )
        if n_rows != self.matrix.shape[0]:
            raise ValueError(
                ""The lookup must include row indices up to the length of the matrix.""
            )
        if n_columns != self.matrix.shape[1]:
            raise ValueError(
                ""The lookup must include column indices up to the length of the matrix.""
            )
        self.lookup = lookup
        return
"
vnc_cmatrix_sort_tolist,"import pandas as pd

    def get_uids(
        self,
        sub_indices: Optional[list[int]] = None,
        axis: typing.Literal[""row"", ""column""] = ""row"",
    ) -> list:
        if sub_indices is None:
            if axis == ""row"":
                self.lookup.sort_values(by=""row_index"", inplace=True)
            elif axis == ""column"":
                self.lookup.sort_values(by=""column_index"", inplace=True)
            return self.lookup[""uid""].tolist()
        return self.__convert_index_to_uid(sub_indices, axis=axis)

    def get_row_indices(
        self,
        sub_uid: Optional[list] = None,
        allow_empty: bool = True,
        input_type: typing.Literal[""uid"", ""body_id""] = ""uid"",
    ) -> list:
        if sub_uid is None:
            self.lookup.sort_values(by=""row_index"", inplace=True)
            return self.lookup[""row_index""].tolist()

        if input_type == ""body_id"":
            sub_uid = self.__get_uids_from_bodyids(sub_uid)
        rows, _ = self.__convert_uid_to_index(sub_uid, allow_empty=allow_empty)
        if not allow_empty and len(rows) != len(sub_uid):
            raise ValueError(""Some row body ids found only in the columns."")
        return rows

    def get_column_indices(
        self,
        sub_uid: Optional[list] = None,
        allow_empty: bool = True,
        input_type: typing.Literal[""uid"", ""body_id""] = ""uid"",
    ) -> list:
        if sub_uid is None:
            self.lookup.sort_values(by=""column_index"", inplace=True)
            return self.lookup[""column_index""].tolist()
        if input_type == ""body_id"":
            sub_uid = self.__get_uids_from_bodyids(sub_uid)
        _, columns = self.__convert_uid_to_index(sub_uid, allow_empty=allow_empty)
        if not allow_empty and len(columns) != len(sub_uid):
            raise ValueError(""Some row body ids found only in the columns."")
        return columns
"
vnc_cmatrix_uid_to_index,"import pandas as pd

                row_indices.append(lookup.loc[lookup[""uid""] == id_].row_index.values[0])
                column_indices.append(
                    lookup.loc[lookup[""uid""] == id_].column_index.values[0]
                )
        row_indices = [i for i in row_indices if not pd.isna(i)]
        column_indices = [i for i in column_indices if not pd.isna(i)]"
scoring_compare_methylation_pattern_migration,"import pandas as pd

# Define conditions and compute comparison scores using numpy.select
conditions = [
    (motif_binary_compare[""methylation_binary""] == 1) & (motif_binary_compare[""methylation_binary_compare""] == 1),
    (motif_binary_compare[""methylation_binary""] == 1) & (motif_binary_compare[""methylation_binary_compare""] == 0),
    (motif_binary_compare[""methylation_binary""] == 0) & (motif_binary_compare[""methylation_binary_compare""] == 1),
    (motif_binary_compare[""methylation_binary""] == 0) & (motif_binary_compare[""methylation_binary_compare""] == 0),
    (motif_binary_compare[""methylation_binary""] == 1) & (motif_binary_compare[""methylation_binary_compare""].isna()),
    (motif_binary_compare[""methylation_binary""] == 0) & (motif_binary_compare[""methylation_binary_compare""].isna()),
]
motif_binary_compare[""motif_comparison_score""] = np.select(conditions, choices, default=np.nan)
contig_bin_comparison_score = motif_binary_compare.groupby([""bin"", ""bin_compare""]).agg(
    binary_methylation_missmatch_score=pd.NamedAgg(column=""motif_comparison_score"", aggfunc=""sum""),
    non_na_comparisons=pd.NamedAgg(column=""motif_comparison_score"", aggfunc=""count"")
).reset_index()"
scoring_compare_methylation_pattern_multiprocessed_migration,"import pandas as pd

def compare_methylation_pattern_multiprocessed(motifs_scored_in_bins, bin_consensus, choices, args, num_processes=1):
    logger = logging.getLogger(__name__)
    logger.info(""Starting comparison of methylation patterns"")
    
    motifs_scored_in_contigs = motifs_scored_in_bins[motifs_scored_in_bins[""n_motifs""] >= args.n_motif_contig_cutoff]
    motifs_scored_in_contigs = motifs_scored_in_contigs[[""bin_contig"", ""motif_mod"", ""mean""]]
    motifs_scored_in_contigs.rename(columns={""bin_contig"": ""bin_compare""}, inplace=True)

    comparison_score = pd.DataFrame()
    contigs_w_no_methylation = []

    with Pool(processes=num_processes) as pool:
        results = pool.starmap(
            process_bin_contig,
            [
                (bin_contig, bin_consensus, motifs_scored_in_contigs, choices)
                for bin_contig in motifs_scored_in_contigs[""bin_compare""].unique()
            ]
        )

    for result, no_methylation in results:
        if result is not None:
            comparison_score = pd.concat([comparison_score, result])
        if no_methylation is not None:
            contigs_w_no_methylation.append(no_methylation)

    return comparison_score, contigs_w_no_methylation
"
scoring_define_mean_methylation_thresholds_migration,"import pandas as pd

motif_binary_compare[""methylation_mean_threshold""] = np.where(
    motif_binary_compare[""methylation_binary""] == 1,
    np.maximum(motif_binary_compare[""mean_methylation""] - 4 * motif_binary_compare[""std_methylation_bin""], 0.1),
    np.nan
)
motif_binary_compare[""methylation_binary_compare""] = np.where(
    (motif_binary_compare[""methylation_binary""] == 1) & 
    ((motif_binary_compare[""mean""] >= motif_binary_compare[""methylation_mean_threshold""]) | 
    (motif_binary_compare[""mean""] > 0.4)),
    1,
    np.where(motif_binary_compare[""methylation_binary""] == 1, 0, np.nan)
)
motif_binary_compare[""methylation_mean_threshold""] = np.where(
    motif_binary_compare[""methylation_binary""] == 0,
    0.25,
    motif_binary_compare[""methylation_mean_threshold""]
)
motif_binary_compare[""methylation_binary_compare""] = np.where(
    motif_binary_compare[""methylation_binary""] == 0,
    (motif_binary_compare[""mean""] >= 0.25).astype(int),
    motif_binary_compare[""methylation_binary_compare""]
)"
scoring_process_bin_contig_merge_migration,"import pandas as pd

worker_setup_logging(log_queue)
motif_binary_compare = pd.merge(
    bin_motifs_from_motifs_scored_in_bins,
    motifs_scored_in_contigs[motifs_scored_in_contigs[""bin_compare""] == bin_contig],
    on=""motif_mod""
)
contigHasNMethylation = motif_binary_compare[""methylation_binary_compare""].sum()"
1e52b4e7_concat_to_frame,"import pandas as pd

    df = pd.concat([ds.to_pandas() for ds in ds_list])"
1ec015da_to_rank,"import pandas as pd

    df = pd.DataFrame({primary_key.name: primary_key, score.name: score}).set_index(
        primary_key.name, drop=True
    )
    df = df.sort_values(by=str(score.name), ascending=ascending)
    df[""rank""] = np.ceil(np.arange(1, len(df) + 1) / len(df) * k).astype(int)"
29097c0c_train_iloc_filter,"import pandas as pd

    base_dfs = []
    skf = StratifiedKFold(n_splits=5, shuffle=True, random_state=42)
    for epoch, (train_index, test_index) in enumerate(skf.split(ds.X, ds.y)):
        _train_ds = cds.Dataset(
            df=ds.to_pandas().iloc[train_index],
            x_columns=ds.x_columns,
            y_columns=ds.y_columns,
            w_columns=ds.w_columns,
        )
        test_ds = cds.Dataset(
            df=ds.to_pandas().iloc[test_index],
            x_columns=ds.x_columns,
            y_columns=ds.y_columns,
            w_columns=ds.w_columns,
        )
        _pred_df = pd.DataFrame(
            {""index"": test_ds.y.index, ""pred"": pred.reshape(-1)}
        ).set_index(""index"")
        _base_df = pd.merge(
            test_ds.y.rename(columns={test_ds.y_columns[0]: ""y""}),
            test_ds.w.rename(columns={test_ds.w_columns[0]: ""w""}),
            left_index=True,
            right_index=True,
        )
        _base_df = pd.merge(_base_df, _pred_df, left_index=True, right_index=True)
        base_dfs.append(_base_df)
    base_df = pd.concat(base_dfs)
"
29097c0c_train_merge_concat,"import pandas as pd

        _pred_df = pd.DataFrame(
            {""index"": test_ds.y.index, ""pred"": pred.reshape(-1)}
        ).set_index(""index"")
        _base_df = pd.merge(
            test_ds.y.rename(columns={test_ds.y_columns[0]: ""y""}),
            test_ds.w.rename(columns={test_ds.w_columns[0]: ""w""}),
            left_index=True,
            right_index=True,
        )
        _base_df = pd.merge(
            _base_df,
            _pred_df,
            left_index=True,
            right_index=True,
        )
        base_dfs.append(_base_df)
    base_df = pd.concat(base_dfs)
"
29097c0c_to_dataset_read_wrap,"import pandas as pd

def make_lenta() -> None:
    pathlinker = path_linker(""lenta"")
    df = pd.read_csv(pathlinker.origin)
    df = onehot_encoding(df, [""gender""])
    df = df.fillna(0)
    df[""group""] = df[""group""].apply(lambda x: {""test"": 1, ""control"": 0}.get(x))
    y_columns = [""response_att""]
    w_columns = [""group""]
    x_columns = [column for column in df.columns if column not in y_columns + w_columns]
    ds = Dataset(df, x_columns, y_columns, w_columns)
    ds.save(pathlinker.base)
"
7e55b00b_sample_empty_df,"import pandas as pd

def sample(
    ds: Dataset, n: int | None = None, frac: float | None = None, random_state: int = 42
) -> Dataset:
    if n == 0 or frac == 0:
        return Dataset(
            pd.DataFrame(columns=ds.to_pandas().columns),
            ds.x_columns,
            ds.y_columns,
            ds.w_columns,
        )

    df = ds.to_pandas().sample(n=n, frac=frac, random_state=random_state)
    return Dataset(df, ds.x_columns, ds.y_columns, ds.w_columns)
"
dcff23d0_filter_concat_all,"import pandas as pd

    flg = pd.concat(flgs, axis=1).all(axis=1)
    df = ds.to_pandas().loc[flg]"
e3227f4f_split_empty_df,"import pandas as pd

def split(
    ds: Dataset,
    test_frac: float | None = None,
    test_n: float | None = None,
    random_state: int = 42,
) -> tuple[Dataset, Dataset]:
    if test_frac == 0 or test_n == 0:
        return ds, Dataset(
            pd.DataFrame(columns=ds.to_pandas().columns),
            ds.x_columns,
            ds.y_columns,
            ds.w_columns,
        )
    if test_frac == 1 or test_n == 1:
        return Dataset(
            pd.DataFrame(columns=ds.to_pandas().columns),
            ds.x_columns,
            ds.y_columns,
            ds.w_columns,
        ), ds

    test_size = test_frac if test_frac is not None else test_n
    train_df, test_df = train_test_split(
        ds.to_pandas(), test_size=test_size, random_state=random_state
    )
    return (
        Dataset(train_df, ds.x_columns, ds.y_columns, ds.w_columns),
        Dataset(test_df, ds.x_columns, ds.y_columns, ds.w_columns),
    )
"
ed3b46c0_base_pattern_iloc,"import pandas as pd

        train_X = ds.X.iloc[train_idx]
        train_y = ds.y.iloc[train_idx].to_numpy().reshape(-1)
        train_w = ds.w.iloc[train_idx].to_numpy().reshape(-1)
        valid_X = ds.X.iloc[valid_idx]
        valid_y = ds.y.iloc[valid_idx].to_numpy().reshape(-1)
        valid_w = ds.w.iloc[valid_idx].to_numpy().reshape(-1)"
ed3b46c0_base_pattern_pred_concat,"import pandas as pd

        _pred_dfs.append(
            pd.DataFrame(
                {""index"": ds.y.index[valid_idx], ""pred"": pred.reshape(-1)}
            ).set_index(""index"")
        )
    pred_df = pd.concat(_pred_dfs, axis=0)
    base_df = pd.merge(ds.y.rename(...), ds.w.rename(...), left_index=True, right_index=True)
    output_df = pd.merge(base_df, pred_df, left_index=True, right_index=True)"
ed3b46c0_classification_iloc,"import pandas as pd

        train_X = ds.X.iloc[train_idx]
        train_y = ds.y.iloc[train_idx].to_numpy().reshape(-1)
        valid_X = ds.X.iloc[valid_idx]
        valid_w = ds.w.iloc[valid_idx].to_numpy().reshape(-1)
        valid_y = ds.y.iloc[valid_idx].to_numpy().reshape(-1)"
ed3b46c0_classification_pred_concat,"import pandas as pd

        pred_df = pd.DataFrame(
            {""index"": ds.y.index[valid_idx], ""pred"": pred}
        ).set_index(""index"")
        base_dfs.append(
            pd.merge(
                pred_df,
                base_df,
                left_index=True,
                right_index=True,
            )
        )
    base_df = pd.concat(base_dfs)
    _metrics = {
        ""roc_auc"": roc_auc_score(base_df.y, base_df.pred),
        ""accuracy"": accuracy_score(base_df.y, base_df.pred > 0.5),
        ""precision"": precision_score(base_df.y, base_df.pred > 0.5),
        ""recall"": recall_score(base_df.y, base_df.pred > 0.5),
        ""f1"": f1_score(base_df.y, base_df.pred > 0.5),
    }
"
f11c29ae_dataset_df_clone,"import pandas as pd

class Dataset:
    def __init__(
        self,
        df: pd.DataFrame,
        x_columns: list[str],
        y_columns: list[str],
        w_columns: list[str],
    ) -> None:
        self.x_columns = x_columns
        self.y_columns = y_columns
        self.w_columns = w_columns
        self.__df = df.copy()
        self._validate(
            self.__df.columns.to_list(), self.x_columns, self.y_columns, self.w_columns
        )

    @property
    def X(self) -> pd.DataFrame:
        return self.__df.loc[:, self.x_columns].copy()

    @property
    def y(self) -> pd.DataFrame:
        return self.__df.loc[:, self.y_columns].copy()

    @property
    def w(self) -> pd.DataFrame:
        return self.__df.loc[:, self.w_columns].copy()

    def to_pandas(self) -> pd.DataFrame:
        return self.__df.copy()
"
f11c29ae_dataset_loc_select,"import pandas as pd

    def X(self) -> pd.DataFrame:
        return self.__df.loc[:, self.x_columns].copy()
    def y(self) -> pd.DataFrame:
        return self.__df.loc[:, self.y_columns].copy()
    def w(self) -> pd.DataFrame:
        return self.__df.loc[:, self.w_columns].copy()"
f11c29ae_dataset_save_load,"import pandas as pd

    def save(self, path: Path) -> None:
        path.mkdir(exist_ok=True, parents=True)
        self.__df.to_csv(path / ""data.csv"", index=False)
        json.dump(
            {
                ""x_columns"": self.x_columns,
                ""y_columns"": self.y_columns,
                ""w_columns"": self.w_columns,
            },
            (path / ""meta.json"").open(""w""),
        )

    @classmethod
    def load(cls, path: Path) -> Dataset:
        data_path = path / ""data.csv""
        meta_path = path / ""meta.json""
        if (not data_path.exists()) or (not meta_path.exists()):
            raise FileNotFoundError()

        df = pd.read_csv(data_path)
        meta = json.load(meta_path.open(mode=""r""))
        return cls(df, **meta)
"
f11c29ae_dataset_to_pandas,"import pandas as pd

    def to_pandas(self) -> pd.DataFrame:
        return self.__df.copy()"
99aff9e0_rename_columns_empty_df,        df = pl.from_pandas(pd.DataFrame(columns=df.columns))
0ffdf231_noaa_ghcn_inventory,"import pandas as pd

        inventory_df = pd.read_fwf(inventory_file, header=None, colspecs=""infer"", infer_nrows=np.inf)
        inventory_df = pl.from_pandas(inventory_df)
        inventory_df = inventory_df[:, [0, 4, 5]]"
0ffdf231_noaa_ghcn_stations,"import pandas as pd

        df = pd.read_fwf(
            listings_file,
            dtype=str,
            header=None,
            colspecs=""infer"",
            infer_nrows=np.inf,
        )
        df = pl.from_pandas(df)
        df = df[:, [0, 1, 2, 3, 4, 5, 8]]"
3c49cad1_bench_interp_cols,"import pandas as pd

    station_ids = request.df[""station_id""].values.tolist()
    latitudes = request.df[""latitude""].values.tolist()
    longitudes = request.df[""longitude""].values.tolist()"
3c49cad1_bench_interp_filter,"import pandas as pd

    filtered_df = df[df[""date""].astype(str).str[:] == day_time.strftime(""%Y-%m-%d %H:%M:%S+00:00"")]
    values = filtered_df[""value""].values.tolist()"
3c49cad1_bench_interp_time_regular,"import pandas as pd

    df = df.dropna()
    station_ids = df.station_id.tolist()
    first_station_id = station_ids[0]
    return df[df[""station_id""] == first_station_id]
"
3c49cad1_bench_interp_time_rmse,"import pandas as pd

def get_rmse(regular_values: pd.Series, interpolated_values: pd.Series):
    diff = (regular_values.reset_index(drop=True) - interpolated_values.reset_index(drop=True)).dropna()
    n = diff.size
    return ((diff**2).sum() / n) ** 0.5"
3c49cad1_bench_precip_pct,"import pandas as pd

    total_amount = len(df[""value""])
    zero_amount = len(df[df[""value""] == 0.0])"
3c49cad1_bench_precip_regular,"import pandas as pd

def get_regular_df(start_date, end_date, exclude_stations):
    request = stations.filter_by_distance(latlon=(50.0, 8.9), distance=30)
    df = request.values.all().df.dropna()
    station_ids = df.station_id.tolist()
    first_station_id = set(station_ids).difference(set(exclude_stations)).pop()
    return df[df[""station_id""] == first_station_id]
"
3c49cad1_timeseries_extract,"import pandas as pd

        param_data.values.loc[:, f""S{result_series_param.name}""] = result_series_param.values"
3c49cad1_timeseries_gain,"import pandas as pd

def gain_of_value_pairs(old_values: pd.DataFrame, new_values: pd.Series) -> float:
    old_score = old_values.apply(lambda row: row.dropna().size >= 4).sum()  # 5: dates plus 4 values
    old_values.loc[:, f""S{new_values.name}""] = new_values.values  # Add new column
    new_score = old_values.apply(lambda row: row.dropna().size >= 4).sum()  # 5: dates plus 4 values"
3c49cad1_mosmix_access_dataframe,"import pandas as pd
from pandas import DatetimeIndex

            yield pd.DataFrame.from_dict(data_dict)"
3c49cad1_mosmix_access_datetime,"import pandas as pd
from pandas import DatetimeIndex

return pd.DatetimeIndex([pd.Timestamp(i.text) for i in timesteps.getchildren()])
"
3c49cad1_radar_index_radolan,"import pandas as pd

    file_index = file_index[
        file_index[""filename""].str.contains(""/bin/"")
        & file_index[""filename""].str.endswith((Extension.GZ.value, Extension.TAR_GZ.value))
    ].copy()"
3c49cad1_radar_index_sweeps,"import pandas as pd

    if not all(files_server[""filename""].str.endswith("".bz2"")):
        files_server = files_server[~files_server[""filename""].str.endswith("".bz2"")]"
3c49cad1_radar_sites_cols,"import pandas as pd

        data = data.drop(labels=[""coordinates_wgs84_text"", ""coordinates_gauss""], axis=""columns"")
        data = data.rename(columns={""coordinates_wgs84"": ""latitude""})
        data.insert(4, ""longitude"", seconds[""coordinates_wgs84""].values)
        data = data.reset_index(drop=True)
        for column in [""latitude"", ""longitude""]:
            data[column] = data[column].apply(lambda x: x.strip(""NE"").replace("","", ""."")).apply(float)
        for column in [""wmo_id"", ""altitude""]:
            data[column] = data[column].apply(int)"
3c49cad1_radar_sites_dicts,"import pandas as pd

def all(df):
    result = {}
    for item in df.to_dict(orient=""records""):
        key = item[""dwd_id""]
        value = item
        result[key] = value
    return result
"
3c49cad1_geosphere_all,"import pandas as pd

        df = pd.read_csv(response)
        return df.rename(
            columns={GEOSPHERE_RENAME_MAP}
        ).drop(columns=[""Sonnenschein"", ""Globalstrahlung""])
"
3c49cad1_geosphere_collect,"import pandas as pd

        data = json.loads(response.read())
        timestamps = data.pop(""timestamps"")
        df = (
            pd.DataFrame(data[""features""])
            .pop(""properties"")
            .map(lambda x: x[""parameters""])
            .apply(_extract_parameter_values)
            .explode()
            .apply(pd.Series)
            .explode(""value"")
        )
        df.value = df.value.astype(float)
        df[Columns.DATE.value] = pd.to_datetime(pd.Series(timestamps).repeat(len(parameter)).values)
        return df"
cb25a1c5_wsv_pegel,"import pandas as pd

        df = pd.read_json(response)
        df = pl.from_pandas(df).lazy()"
a52cebfe_es_update_pivot_join,"import pandas as pd

        oar = observation.merge(all_responses, on=[""realization""], how=""left"")
    return {
        ""obs_keys_count"": len(oar[""observations""]),
        ""obs_values"":     oar[""observations""].values.ravel(),
        ""obs_errors"":     oar[""std""].values.ravel(),
        ""n_reals"":        len(oar[""realization""]),
    }
"
a52cebfe_common_get_observations,"import pandas as pd


    for key, dataset in experiment.observations.items():
        observation = {
            ""name"": key,
            ""values"": list(dataset[""observations""].values.flatten()),
            ""errors"": list(dataset[""std""].values.flatten()),
        }
        if ""time"" in dataset.coords:
            observation[""x_axis""] = _prepare_x_axis(dataset[""time""].values.flatten())
        else:
            observation[""x_axis""] = _prepare_x_axis(dataset[""index""].values.flatten())
        observations.append(observation)
    observations.sort(key=lambda x: x[""x_axis""])
"
a52cebfe_rft_concat_write,"import pandas as pd

        frame = pd.concat(data)
        frame.set_index([""Realization"", ""Well"", ""Ensemble"", ""Iteration""], inplace=True)
        if drop_const_cols:
            frame = frame.loc[:, (frame != frame.iloc[0]).any()]
        frame.to_csv(output_file)"
a52cebfe_rft_obs_join,"import pandas as pd


                rft_data = pd.DataFrame(pressure_vals, index=range(len(tvd_arg)))
                ensemble_data = []
                for iens in realizations:
                    frame = pd.DataFrame(
                        data={""TVD"": tvd_arg, ""Pressure"": rft_data[iens],
                              ""ObsValue"": obs_node[""observations""].values[0],
                              ""ObsStd"": obs_node[""std""].values[0]},
                    )
                    realization_frame[""Realization""] = iens
                    realization_frame[""Well""] = well
                    ensemble_data.append(realization_frame)
                data.append(pd.concat(ensemble_data))
"
e8fa7691_design_matrix_model,"import pandas as pd

        header_labels = design_matrix_df.columns.astype(str).tolist()
        for index, _ in design_matrix_df.iterrows():
            model.appendRow([
                QStandardItem(str(design_matrix_df.at[index, col]))
                for col in design_matrix_df.columns
            ])
        model.setVerticalHeaderLabels(design_matrix_df.index.astype(str).tolist())
"
acryo_loader_corr_max_with_columns_migration,"mole_aligned.features = pd.concat(
    [
        self.molecules.features,
        get_features(corr_max, local_shifts, rotator.as_rotvec()),
        pd.DataFrame({""labels"": labels}),
    ],
    axis=1,
)"
acryo_loader_get_features_migration,"def get_features(corr_max, local_shifts, rotvec) -> pd.DataFrame:
    import pandas as pd

    features = {
        ""score"": corr_max,
        ""shift-z"": np.round(local_shifts[:, 0], 2),
        ""shift-y"": np.round(local_shifts[:, 1], 2),
        ""shift-x"": np.round(local_shifts[:, 2], 2),
        ""rotvec-z"": np.round(rotvec[:, 0], 5),
        ""rotvec-y"": np.round(rotvec[:, 1], 5),
        ""rotvec-x"": np.round(rotvec[:, 2], 5),
    }
    return pd.DataFrame(features)"
acryo_loader_scores_with_columns_migration,"mole_aligned.features = update_features(
    self.molecules.features.copy(),
    get_features(scores, local_shifts, rotator.as_rotvec()),
)"
acryo_loader_update_features_migration,"def update_features(
    features: pd.DataFrame,
    values: dict | pd.DataFrame,
):
    for name, value in values.items():
        features[name] = value
    return features"
acryo_molecules_concat_migration,"@classmethod
def concat(cls, moles: Iterable[Molecules], concat_features: bool = True) -> Self:
    """"""Concatenate Molecules objects.""""""
    pos: list[np.ndarray] = []
    quat: list[np.ndarray] = []
    features: list[pd.DataFrame] = []
    for mol in moles:
        pos.append(mol.pos)
        quat.append(mol.quaternion())
        features.append(mol.features)

    all_pos = np.concatenate(pos, axis=0)
    all_quat = np.concatenate(quat, axis=0)
    if concat_features:
        import pandas as pd

        all_features = pd.concat(features, axis=0)
    else:
        all_features = None

    return cls(all_pos, Rotation(all_quat), features=all_features)"
acryo_molecules_from_csv_migration,"def from_csv(
    cls,
    path: str,
    pos_cols: list[str] = [""z"", ""y"", ""x""],
    rot_cols: list[str] = [""zvec"", ""yvec"", ""xvec""],
    **pd_kwargs,
) -> Self:
    import pandas as pd
    pos_cols = pos_cols.copy()
    rot_cols = rot_cols.copy()
    df: pd.DataFrame = pd.read_csv(path, **pd_kwargs)  # type: ignore
    pos = df[pos_cols]
    rotvec = df[rot_cols]
    cols = pos + rotvec
    others = df.iloc[:, np.array([c not in cols for c in df.columns])]
    return cls(
        pos,
        Rotation.from_rotvec(rotvec),
        features=others,
    )"
acryo_molecules_rotation_copy_migration,"if features is not None:
    features = features.copy()
out = self.__class__(self._pos, rot, features=features)"
acryo_molecules_subset_migration,"if self._features is None:
    return self.__class__(pos, Rotation(quat))
return self.__class__(pos, Rotation(quat), self._features.iloc[spec, :])"
acryo_molecules_to_csv_migration,"def to_csv(self, save_path: str) -> None:
    """"""
    Save molecules as a csv file.

    Parameters
    ----------
    save_path : str
        Save path.
    """"""
    return self.to_dataframe().to_csv(save_path, index=False)"
acryo_molecules_to_dataframe_migration,"def to_dataframe(self) -> pd.DataFrame:
    import pandas as pd
    rotvec = self.rotvec()
    data = np.concatenate([self.pos, rotvec], axis=1)
    df = pd.DataFrame(data, columns=_CSV_COLUMNS)
    if self._features is not None:
        df = pd.concat([df, self._features], axis=1)
    return df"
src_onemod_utils_parameters_create_params_migration,"from pandas import DataFrame

def create_params(config: ModelConfig) -> DataFrame | None:
    param_dict = extract_param_dict(config)
    if len(param_dict) == 0:
        return None
    crossby = list(param_dict.keys())
    params = DataFrame(
        [param_set for param_set in product(*param_dict.values())],
        columns=crossby,
    )
    params[""param_id""] = params.index
    return params[[""param_id"", *crossby]]
"
src_onemod_utils_parameters_get_params_migration,"from pandas import DataFrame

def get_params(params: DataFrame, param_id: int) -> dict[str, Any]:
    params = params.query(""param_id == @param_id"").drop(columns=[""param_id""])
    return {
        str(param_name): param_value.item()
        for param_name, param_value in params.items()
    }
"
8017f91b_hybrid_score_concat,"import pandas as pd

    return pd.concat([hybrid_score.to_frame() for hybrid_score in hybrid_scores], ignore_index=True)"
8017f91b_precompute_cross_join,"import pandas as pd

    return (
        pd.DataFrame(data=input_df.index, columns=[""document_id""])
        .assign(
            scores=lambda new_df: new_df[""document_id""].progress_apply(
                lambda query_d3_document_id: find_top_n_matches_single_document(
                    input_df, query_d3_document_id, pairwise_metric, n
                )
            )
        )
        .set_index(""document_id"")
    )"
8017f91b_embedder_frame,"import pandas as pd

    return (
        pd.Series(embeddings_mapping, name=""embedding"")
        .to_frame()
        .rename_axis(""document_id"", axis=""index"")
    )"
8017f91b_eval_hybrid_concat_sort,"import pandas as pd

average_precision_scores = pd.concat(frames)
    return (
        average_precision_scores
        .sort_values(""Best Score"", ascending=False)
        .reset_index(drop=False)
        .drop_duplicates(subset=""Query Document ID"")
        .reset_index(drop=True)
    )
"
8017f91b_eval_hybrid_load,"import pandas as pd

    tfidf_cosine_similarities_most_cited: pd.DataFrame = load_df_from_pickle(
        ResultsPaths.language_models.tfidf_cosine_similarities_most_cited_pkl
    )"
8017f91b_io_parquet,"import pandas as pd

def write_df_to_pickle(
    df: pd.DataFrame,
    path: Path,
) -> None:
    """"""Write a Pandas DataFrame to a pickle file.""""""
    df.to_pickle(path)

def load_df_from_pickle(path: Path) -> pd.DataFrame:
    """"""Load a Pandas DataFrame from a pickle file.""""""
    return pd.read_pickle(path)"
8c71f3c7_citation_models_fillna,"import pandas as pd

    return df.assign(publication_date_rank=df[""publication_date_rank""].fillna(len(df)))"
8c71f3c7_citation_models_rank,"import pandas as pd

    return df.assign(
        publication_date_rank=df[""publication_date""].rank(ascending=False),
        citationcount_document_rank=df[""citationcount_document""].rank(ascending=False),
        citationcount_author_rank=df[""citationcount_author""].rank(ascending=False),
    )"
8c71f3c7_pairwise_loc_colname,"import pandas as pd

        row_value_list: list[str] = df.loc[document_id_1, colname]
        col_value_list: list[str] = df.loc[document_id_2, colname]"
8c71f3c7_pairwise_loc_item,"import pandas as pd

        row_embedding: EmbeddingVector = df.loc[document_id_1].item()
        col_embedding: EmbeddingVector = df.loc[document_id_2].item()"
readnext_hybrid_score_compare_scores_migration,"import pandas as pd

def compare_hybrid_scores(*hybrid_scores: HybridScore) -> pd.DataFrame:
    """"""
    Stacks the hybrid recommender scores for multiple query documents vertically in a
    DataFrame.
    """"""
    return pd.concat([hybrid_score.to_frame() for hybrid_score in hybrid_scores], ignore_index=True)
"
readnext_hybrid_score_to_frame_migration,"import pandas as pd

def to_frame(self) -> pd.DataFrame:
    """"""Collect all scores in a DataFrame.""""""
    return pd.DataFrame(
        {
            ""Language Model"": self.language_model_name,
            ""Citation -> Language Candidates"": round(
                self.citation_to_language_candidates, ndigits=3
            ),
            ""Citation -> Language Final"": round(self.citation_to_language, ndigits=3),
            ""Language -> Citation Candidates"": round(
                self.language_to_citation_candidates, ndigits=3
            ),
            ""Language -> Citation Final"": round(self.language_to_citation, ndigits=3),
        },
        index=[0],
    )
"
8c71f3c7_hybrid_scorer_citation_index,"import pandas as pd

    citation_to_language_candidate_ids: pd.Index = field(init=False)
    ...
        self.citation_to_language_candidate_ids = self.citation_to_language_candidates.index"
8c71f3c7_hybrid_scorer_language_index,"import pandas as pd

    language_to_citation_candidate_ids: pd.Index = field(init=False)
    ...
        self.language_to_citation_candidate_ids = self.language_to_citation_candidates.index"
8c71f3c7_precompute_df_construct,"import pandas as pd

        pd.DataFrame(data=input_df.index, columns=[""document_id""])
"
8c71f3c7_attr_getter_unseen_frame,"import pandas as pd

        return pd.DataFrame(
            {""scores"": [sort_document_scores(common_citations_scores)]}, index=[-1]
        ).rename_axis(""document_id"", axis=""index"")"
8c71f3c7_attr_getter_unseen_iter,"import pandas as pd

        for d3_document_id, candidate_citation_urls in self.documents_data[""citations""].items():"
8c71f3c7_input_converter_index,"import pandas as pd

            self.documents_data.loc[
                self.documents_data[""semanticscholar_url""] == semanticscholar_url
            ]
            .index.item().item()"
8c71f3c7_input_converter_loc,"import pandas as pd

        return cast(str, self.documents_data.loc[d3_document_id, ""semanticscholar_url""])"
8c71f3c7_document_info_tolist,"import pandas as pd

    document_ids = df[""document_id""].tolist()
    titles = df[""title""].tolist()
    abstracts = df[""abstract""].tolist()"
8c71f3c7_embedder_frame,"import pandas as pd

    return (
        pd.Series(embeddings_mapping, name=""embedding"")
        .to_frame()
        .rename_axis(""document_id"", axis=""index"")
    )"
8c71f3c7_model_choice_load,"import pandas as pd

    return load_df_from_pickle(cosine_similarities_path)"
8c71f3c7_s4_combine_load_concat_write,"import pandas as pd

            df_chunk = load_df_from_pickle(filepath)
    ...
    df_combined = pd.concat(df_list)
    ...
    write_df_to_pickle(df_combined, path_documents_labels)"
8c71f3c7_s8_combine_load_concat_write,"import pandas as pd

            df_chunk = load_df_from_pickle(filepath)
    ...
    df_combined = pd.concat(df_list)
    ...
    write_df_to_pickle(df_combined, path_documents_authors_labels_citations)"
8c71f3c7_hybrid_score_concat,"import pandas as pd

    return pd.concat([hybrid_score.to_frame() for hybrid_score in hybrid_scores], ignore_index=True)"
medmodels_classic_distance_covariates_select_migration,"import pandas as pd

columns = treated_set.columns

if not covariates:
    covariates = columns

treated_array = treated_set[covariates].to_numpy().astype(float)
control_array = control_set[covariates].to_numpy().astype(float)"
medmodels_classic_distance_match_migration,"import pandas as pd

def nearest_neighbor(
    treated_set: pd.DataFrame,
    control_set: pd.DataFrame,
    metric: str,
    covariates: Optional[Union[List[str], pd.Index[str]]] = None,
) -> pd.DataFrame:
    columns = treated_set.columns

    if not covariates:
        covariates = columns

    treated_array = treated_set[covariates].to_numpy().astype(float)
    control_array = control_set[covariates].to_numpy().astype(float)
    control_array_full = control_set.to_numpy()
    matched_group = pd.DataFrame(columns=columns)

    cov = np.array([])
    if metric == ""mahalanobis"":
        cov = np.cov(np.concatenate((treated_array, control_array)).T)

    for element_ss in treated_array:
        if metric == ""mahalanobis"":
            if cov.ndim == 0:
                inv_cov = 1 / cov
            else:
                try:
                    inv_cov = np.linalg.inv(cov)
                except np.linalg.LinAlgError:
                    raise ValueError(
                        ""The covariance matrix is singular. Please, check the data.""
                    )

            dist = [
                metrics.mahalanobis_metric(element_ss, element_bs, inv_cov=inv_cov)
                for element_bs in control_array
            ]

        else:
            metric_function = metrics.METRICS[metric]

            dist = [
                metric_function(element_ss, element_bs) for element_bs in control_array
            ]

        nn_index = np.argmin(dist)

        new_row = pd.DataFrame(control_array_full[nn_index], index=columns)
        matched_group = (
            new_row.transpose().astype(float).copy()
            if matched_group.empty
            else pd.concat([matched_group, new_row.transpose().astype(float)])
        )
        control_array_full = np.delete(control_array_full, nn_index, 0)
        control_array = np.delete(control_array, nn_index, 0)

    return matched_group.reset_index(drop=True)
"
medmodels_propensity_score_prop_score_migration,"import pandas as pd

treated_array = treated_set[covariates].to_numpy().astype(float)
control_array = control_set[covariates].to_numpy().astype(float)

treated_prop, control_prop = calculate_propensity(
        x_train,
        y_train,
        treated_array,
        control_array,
        hyperparam=hyperparam,
        metric=model,
    )

# Add propensity score to the original data
treated_set[""Prop. score""] = treated_prop
control_set[""Prop. score""] = control_prop

matched_control = nearest_neighbor(
    treated_set, control_set, metric=""absolute"", covariates=[""Prop. score""]
)

matched_control.pop(""Prop. score"")
treated_set.pop(""Prop. score"")
control_set.pop(""Prop. score"")"
medmodels_propensity_score_signature_migration,"import pandas as pd

from typing import Any, Dict, List, Optional, Tuple, Union

import numpy as np
import pandas as pd
...

def run_propensity_score(
    treated_set: pd.DataFrame,
    control_set: pd.DataFrame,
    model: str = ""logit"",
    hyperparam: Optional[Any] = None,
    covariates: Optional[Union[List[str], pd.Index[str]]] = None,
) -> pd.DataFrame:"
medmodels_medrecord_process_edges_dataframe_migration,"import pandas as pd

def process_edges_dataframe(edges: pd.DataFrame) -> PolarsEdgeDataFrameInput:
    assert isinstance(
        edges.index, pd.MultiIndex
    ), ""Edges dataframe must have a MultiIndex""
    assert len(edges.index.names) == 2, ""Edges dataframe MultiIndex must have 2 levels""
    edges_polars = pl.from_pandas(edges, include_index=True)
    return edges_polars, edges.index.names[0], edges.index.names[1]"
medmodels_medrecord_process_nodes_dataframe_migration,"import pandas as pd

def process_nodes_dataframe(nodes: pd.DataFrame) -> PolarsNodeDataFrameInput:
    assert isinstance(nodes.index, pd.Index), ""Nodes dataframe must have an Index""
    assert nodes.index.name is not None, ""Nodes dataframe must have an Index""
    nodes_polars = pl.from_pandas(nodes, include_index=True)
    return nodes_polars, nodes.index.name"
marimo_chdb_cursor_rows,"            rows = self._cursor.fetchall()
            col_names = self._cursor.column_names()
            return pd.DataFrame(rows, columns=col_names)"
142b5bcb_tools_relocate,"import pandas as pd
import numpy as np

def relocate(data: pd.DataFrame, x, before=None, after=None):
    x = np.atleast_1d(x)
    columns = data.columns
    columns2 = columns[~columns.isin(x)]
    if before is None and after is None:
        return data[list(x) + list(columns2)]
    if before is None:
        pos = list(columns2).index(after) + 1
    else:
        pos = list(columns2).index(before)
    return data[list(columns2[:pos]) + list(x) + list(columns2[pos:])]
"
16645382_exp_stats_col_assign,"import pandas as pd

            data['n_claims'] = data['claims']"
16645382_exp_stats_rename,"import pandas as pd

        data = data.rename(columns=rename_dict)"
287a28d8_col_ends_with,"import pandas as pd

    return list(data.columns[data.columns.str.endswith(pat, **kwargs)])"
287a28d8_col_matches,"import pandas as pd

    return list(data.columns[data.columns.str.contains(pat, **kwargs)])"
287a28d8_col_starts_with,"import pandas as pd

def col_starts_with(data: pd.DataFrame,
                    pat: str,
                    **kwargs):
    return list(data.columns[data.columns.str.startswith(pat, **kwargs)])
"
325e7c2b_dates_pol_interval,"import pandas as pd
from pandas.core.indexes.datetimes import DatetimeIndex

def pol_interval(dates: str | datetime | DatetimeIndex | pd.Series,
                 issue_date: str | datetime | DatetimeIndex | pd.Series,
                 dur_length: str) -> np.ndarray:
    arg_match('dur_length', dur_length, ['year', 'quarter', 'month', 'week'])

    dates = _convert_date(dates)
    issue_date = _convert_date(issue_date)

    dat = pd.DataFrame({
        'issue_date': issue_date,
        'dates': dates
    }, index=np.arange(max(len2(dates), len2(issue_date))))

    if dur_length == ""year"":
        res = [relativedelta(a, b).years for a, b in
               zip(dat.dates, dat.issue_date)]

    elif dur_length in [""month"", ""quarter""]:
        def mth_calc(a, b):
            delta = relativedelta(a, b)
            return 12 * delta.years + delta.months

        if dur_length == ""quarter"":
            res = [mth_calc(a, b) // 3 for a, b
                   in zip(dat.dates, dat.issue_date)]
        else:
            res = [mth_calc(a, b) for a, b in zip(dat.dates, dat.issue_date)]

    else:
        res = (dat.dates - dat.issue_date).dt.days // 7

    return np.array(res) + 1
"
4bb33aa8_trx_stats_isin,"import pandas as pd

            assert all(pd.Series(by).isin(old_self.data.columns)), \"
6f1c2684_datasets_read_csv,"import pandas as pd

    return pd.read_csv(stream, index_col=0,
                       dtype={'age': int,
                              'qx': float,
                              'gender': str})"
8bb7bc3a_expose_isin,"import pandas as pd

            assert all(pd.Series(by).isin(self.data.columns)), \"
a39f4527_expose_trx_join_filter,"import pandas as pd

                    merge(date_lookup, how='inner', on='pol_num').
                    query(f""(trx_date >= {date_cols[0]}) & "" +
                          f""(trx_date <= {date_cols[1]})""))
        trx_data['trx_n'] = 1"
a39f4527_expose_trx_left_join_fill,"import pandas as pd

        self.data = (self.data.
                     merge(trx_data,
                           on=['pol_num', date_cols[0]],
                           how='left'))
        trx_cols = [x for x in self.data.columns if x.startswith('trx_')]
        self.data.loc[:, trx_cols] = \
            self.data.loc[:, trx_cols].apply(lambda x: x.fillna(0))"
a39f4527_expose_trx_pivot,"import pandas as pd

                    pivot_table(values=['trx_n', 'trx_amt'],
                                index=['pol_num', date_cols[0]],
                                columns='trx_type',
                                aggfunc='sum',
                                observed=True,
                                fill_value=0).
                    reset_index())
        # flatten column index
        cols = trx_data.columns.to_flat_index()
        cols = ['_'.join(x) if x[1] != '' else x[0] for x in cols]
        trx_data.columns = cols"
a39f4527_expose_trx_unique,"import pandas as pd
import numpy as np

        new_trx_types = pd.unique(trx_data.trx_type)
        existing_trx_types = self.trx_types
        conflict_trx_types = np.intersect1d(new_trx_types, existing_trx_types)

        trx_data = (trx_data
                    .merge(date_lookup, how='inner', on='pol_num')
                    .query(f""(trx_date >= {date_cols[0]}) & (trx_date <= {date_cols[1]})""))

        trx_data['trx_n'] = 1
        trx_data = (trx_data
                    .pivot_table(values=['trx_n', 'trx_amt'],
                                 index=['pol_num', date_cols[0]],
                                 columns='trx_type',
                                 aggfunc='sum',
                                 observed=True,
                                 fill_value=0)
                    .reset_index())

        cols = trx_data.columns.to_flat_index()
        cols = ['_'.join(x) if x[1] != '' else x[0] for x in cols]
        trx_data.columns = cols

        self.data = self.data.merge(trx_data, on=['pol_num', date_cols[0]], how='left')
        self.data.loc[:, trx_cols] = self.data.loc[:, trx_cols].apply(lambda x: x.fillna(0))
"
bbe5d7e5_create_data_frame,"import pandas as pd

toy_census = pd.DataFrame({
    'pol_num': np.arange(1, 4),
    'status': pd.Series([""Active"", ""Death"", ""Surrender""], dtype='category'),
    'issue_date': pd.to_datetime([""2010-01-01"", ""2011-05-27"", ""2009-11-10""]),
    'term_date': pd.to_datetime([np.nan, ""2020-09-14"", ""2022-02-25""])
})"
bbe5d7e5_datasets_read_csv,"import pandas as pd

    return pd.read_csv(stream,
                       index_col=0,
                       dtype={'pol_num': int,
                              'status': 'category'},
                       parse_dates=['issue_date', 'term_date'])"
db5fc12b_expose_date_str,"import pandas as pd

        end_date = pd.to_datetime(end_date)
        start_date = pd.to_datetime(start_date)"
db5fc12b_expose_rename,"import pandas as pd

        data = data.rename(columns={
            col_pol_num: 'pol_num',
            col_status: 'status',
            col_exposure: 'exposure'
        })

        if not cal_expo and col_pol_per is not None:
            data = data.rename(columns={col_pol_per: exp_col_pol_per})

        if cols_dates is not None:
            data = data.rename(columns={
                cols_dates[0]: exp_cols_dates[0],
                cols_dates[1]: exp_cols_dates[1]
            })

        if trx_types is not None:
            data.columns = [trx_renamer(x) for x in data.columns]
"
mexca_data_delete_filename_time_col_migration,"import pandas as pd

@staticmethod
def _delete_filename_time_col(df: pd.DataFrame) -> pd.DataFrame:
    if ""time"" in df.columns:
        del df[""time""]
    if ""filename"" in df.columns:
        del df[""filename""]
    return df"
mexca_data_merge_audio_text_features_migration,"import pandas as pd

def _merge_audio_text_features(self, data_frames: List[pd.DataFrame]):
    # ...
    audio_text_features_df = pd.DataFrame(audio_annotation_dict)
    if self.transcription and self.transcription.segments:
        text_features_df = pd.DataFrame(text_features_dict)
        if self.sentiment and self.sentiment.segments:
            text_features_df = text_features_df.merge(
                pd.DataFrame(sentiment_dict),
                on=[""frame"", ""span_text""],
                how=""left"",
            )

        audio_text_features_df = audio_text_features_df.merge(
            text_features_df,
            on=[""frame"", ""segment_speaker_label""],
            how=""left"",
        )
    data_frames.append(audio_text_features_df)"
mexca_data_merge_features_migration,"import pandas as pd

def merge_features(self) -> pd.DataFrame:
    # ...
    if len(dfs) > 0:
        dfs = map(self._delete_filename_time_col, dfs)
        self.features = reduce(
            lambda left, right: pd.merge(
                left, right, on=[""frame""], how=""left""
            ),
            dfs,
        )

        time = self.features.frame * (1 / self.fps)

        self.features.insert(0, ""filename"", self.filename)
        self.features.insert(1, ""time"", time)
    return self.features"
mexca_data_merge_video_annotation_migration,"import pandas as pd

    def _merge_video_annotation(self, data_frames: List[pd.DataFrame]):
        if self.video_annotation:
            video_annotation_dict = self.video_annotation.model_dump()
            del video_annotation_dict[""face_average_embeddings""]
            data_frames.append(pd.DataFrame(video_annotation_dict))
"
mexca_data_merge_voice_features_migration,"import pandas as pd

def _merge_voice_features(self, data_frames: List):
    if self.voice_features:
        data_frames.append(pd.DataFrame(self.voice_features.model_dump()))"
pheval_gene_identifier_map,"import pandas as pd

    hgnc_df = read_hgnc_data()
    identifier_map = {}
    for _index, row in hgnc_df.iterrows():
        identifier_map[row[""ensembl_gene_id""]] = row[""symbol""]
        identifier_map[row[""hgnc_id""]] = row[""symbol""]
        identifier_map[row[""entrez_id""]] = row[""symbol""]
        identifier_map[row[""refseq_accession""]] = row[""symbol""]
    return identifier_map"
pheval_parse_hgnc_data,"import pandas as pd

    return pd.read_csv(
        os.path.dirname(__file__).replace(""utils"", ""resources/hgnc_complete_set.txt""),
        delimiter=""\t"",
        dtype=str,
    )"
mpds_get_dataframe,"import pandas as pd

        return pd.DataFrame(self.get_data(*args, **kwargs), columns=columns)"
73a39d90_experiment_df_construct,"import pandas as pd

    return pd.DataFrame(records)"
73a39d90_metrics_bootstrap_filter,"import pandas as pd

    a = df[df[""condition""] == condition_a][metric].to_numpy()
    b = df[df[""condition""] == condition_b][metric].to_numpy()"
73a39d90_metrics_groupby_agg,"import pandas as pd

        summary = (
            df.groupby(""condition"")[metric]
            .agg([""mean"", ""median""])
            .rename(columns={""mean"": ""mean"", ""median"": ""median""})
            .astype(float)
        )
        mixed_mean_raw = cast(SupportsFloat, summary.loc[""mixed"", ""mean""])
        plaintext_mean_raw = cast(SupportsFloat, summary.loc[""plaintext"", ""mean""])
        mixed_mean = float(mixed_mean_raw)
        plaintext_mean = float(plaintext_mean_raw)"
73a39d90_metrics_groupby_partition,"import pandas as pd

def summarize_metrics(df: pd.DataFrame, metrics: list[str]) -> pd.DataFrame:
    """"""Compute descriptive statistics for each metric by condition.""""""
    stats = []
    for cond, group in df.groupby(""condition""):
        for metric in metrics:
            series = group[metric]
            stats.append(
                {
                    ""condition"": cond,
                    ""metric"": metric,
                    ""mean"": series.mean(),
                    ""median"": series.median(),
                    ""std"": series.std(),
                    ""q10"": series.quantile(0.1),
                    ""q90"": series.quantile(0.9),
                }
            )
    return pd.DataFrame(stats)
"
73a39d90_run_concat_write,"import pandas as pd

    sim_results = pd.concat([sim_plaintext, sim_mixed], ignore_index=True)
    sim_results.to_csv(results_dir / ""simpy_results.csv"", index=False)"
73a39d90_run_dataframe_write,"import pandas as pd

    pd.DataFrame(sim_boot).to_csv(
        results_dir / ""simpy_bootstrap_effects.csv"", index=False
    )"
ultralytics_trainer_read_csv,"        return pd.read_csv(self.csv).to_dict(orient=""list"")"
ultralytics_benchmarks_dataframe,"    df = pd.DataFrame(y, columns=[""Format"", ""Status❔"", ""Size (MB)"", key, ""Inference time (ms/im)"", ""FPS""])"
ultralytics_benchmarks_metrics,"import pandas as pd

    df = pd.DataFrame(y, columns=[""Format"", ""Status\u2754"", ""Size (MB)"", key, ""Inference time (ms/im)"", ""FPS""])

    name = model.model_name
    dt = time.time() - t0
    legend = ""Benchmarks legend:  - \u2705 Success  - \u274e Export passed but validation failed  - \u274c\ufe0f Export failed""
    s = f""\nBenchmarks complete for {name} on {data} at imgsz={imgsz} ({dt:.2f}s)\n{legend}\n{df.fillna('-')}\n""
    LOGGER.info(s)
    with open(""benchmarks.log"", ""a"", errors=""ignore"", encoding=""utf-8"") as f:
        f.write(s)

    if verbose and isinstance(verbose, float):
        metrics = df[key].array
        floor = verbose
        assert all(x > floor for x in metrics if pd.notna(x)), f""Benchmark failure: metric(s) < floor {floor}""

    return df
"
ultralytics_wb_custom_table,"    import pandas  # scope for faster 'import ultralytics'

    df = pandas.DataFrame({""class"": classes, ""y"": y, ""x"": x}).round(3)
    ...
    return wb.plot_table(
        ""wandb/area-under-curve/v0"", wb.Table(dataframe=df), fields=fields, string_fields=string_fields
    )"
portfolio_stock_to_dict,"import pandas as pd

        for d in df.to_dict('records')"
portfolio_momentum_roc,"import pandas as pd

        self.df['ROC'] = ROCIndicator(close=self.df.Close, window=window, fillna=fillna).roc()"
portfolio_momentum_rsi,"import pandas as pd

        self.df['RSI'] = RSIIndicator(close=self.df.Close, window=window, fillna=fillna).rsi()"
portfolio_momentum_stoch_osc,"import pandas as pd

        stochastic_oscillator = StochasticOscillator(
            close=self.df.Close, high=self.df.High, low=self.df.Low, window=window, smooth_window=smooth_window,
            fillna=fillna
        )
        self.df['stoch'] = stochastic_oscillator.stoch()
        self.df['stoch_signal'] = stochastic_oscillator.stoch_signal()"
portfolio_momentum_stoch_rsi,"import pandas as pd

        stoch_rsi = StochRSIIndicator(
            close=self.df.Close, window=window, smooth1=smooth1, smooth2=smooth2, fillna=fillna
        )
        self.df['stoch_rsi'] = stoch_rsi.stochrsi()
        self.df['stoch_rsi_d'] = stoch_rsi.stochrsi_d()
        self.df['stoch_rsi_k'] = stoch_rsi.stochrsi_k()"
visivo_sqlalchemy_read_sql,"from pandas import DataFrame

        with self.connect() as connection:
            query = text(query)
            results = connection.execute(query)
            columns = results.keys()
            data = results.fetchall()
            results.close()

        return DataFrame(data, columns=columns)"
img2table_cells_adjacent_redundant_migration,"import pandas as pd

condition_adjacent = (((df_cross_cells[""overlapping_y""] > 5)
                       & (df_cross_cells[""diff_x""] / df_cross_cells[[""width"", ""width_""]].max(axis=1) <= 0.05))
                      | ((df_cross_cells[""overlapping_x""] > 5)
                         & (df_cross_cells[""diff_y""] / df_cross_cells[[""height"", ""height_""]].max(axis=1) <= 0.05))
                      )
df_cross_cells[""adjacent""] = condition_adjacent
df_cross_cells[""redundant""] = df_cross_cells[""contained""] & df_cross_cells[""adjacent""]"
img2table_cells_clone_rename_migration,"import pandas as pd

df_cells_cp = df_cells.copy()
df_cells_cp.columns = [""index_"", ""x1_"", ""y1_"", ""x2_"", ""y2_"", ""width_"", ""height_"", ""area_""]"
img2table_cells_contained_migration,"import pandas as pd

df_cross_cells[""contained""] = ((df_cross_cells[""x_right""] >= df_cross_cells[""x_left""])
                                   & (df_cross_cells[""y_bottom""] >= df_cross_cells[""y_top""])
                                   & (df_cross_cells[""int_area""] / df_cross_cells[""area""] >= 0.9))"
img2table_cells_cross_join_filter_migration,"import pandas as pd

df_cross_cells = df_cells.reset_index().merge(df_cells_cp, how='cross')
df_cross_cells = df_cross_cells[df_cross_cells[""index""] != df_cross_cells[""index_""]]
df_cross_cells = df_cross_cells[df_cross_cells[""area""] <= df_cross_cells[""area_""]]"
img2table_cells_intersection_area_migration,"import pandas as pd

df_cross_cells[""int_area""] = (df_cross_cells[""x_right""] - df_cross_cells[""x_left""]) \n                             * (df_cross_cells[""y_bottom""] - df_cross_cells[""y_top""])"
img2table_cells_overlap_diff_migration,"import pandas as pd

df_cross_cells[""overlapping_x""] = df_cross_cells[""x_right""] - df_cross_cells[""x_left""]
df_cross_cells[""overlapping_y""] = df_cross_cells[""y_bottom""] - df_cross_cells[""y_top""]
df_cross_cells[""diff_x""] = pd.concat([(df_cross_cells[""x2""] - df_cross_cells[""x1_""]).abs(),
                                      (df_cross_cells[""x1""] - df_cross_cells[""x2_""]).abs(),
                                      (df_cross_cells[""x1""] - df_cross_cells[""x1_""]).abs(),
                                      (df_cross_cells[""x2""] - df_cross_cells[""x2_""]).abs()],
                                     axis=1).min(axis=1)
df_cross_cells[""diff_y""] = pd.concat([(df_cross_cells[""y1""] - df_cross_cells[""y1_""]).abs(),
                                      (df_cross_cells[""y2""] - df_cross_cells[""y1_""]).abs(),
                                      (df_cross_cells[""y1""] - df_cross_cells[""y2_""]).abs(),
                                      (df_cross_cells[""y2""] - df_cross_cells[""y2_""]).abs()],
                                     axis=1).min(axis=1)"
img2table_cells_redundant_removal_migration,"import pandas as pd

redundant_cells = df_cross_cells[df_cross_cells[""redundant""]]['index_'].drop_duplicates().values.tolist()
df_final_cells = df_cells.drop(labels=redundant_cells)"
img2table_cells_vertical_deduplication_migration,"import pandas as pd

df_cells = df_cells.sort_values(by=[""x1"", ""x2"", ""y1"", ""y2""])
df_cells[""cell_rk""] = df_cells.groupby([""x1"", ""x2"", ""y1""]).cumcount()
df_cells = df_cells[df_cells[""cell_rk""] == 0]
df_cells = df_cells.sort_values(by=[""x1"", ""x2"", ""y2"", ""y1""], ascending=[True, True, True, False])
df_cells[""cell_rk""] = df_cells.groupby([""x1"", ""x2"", ""y2""]).cumcount()
df_cells = df_cells[df_cells[""cell_rk""] == 0]"
img2table_cells_width_height_area_migration,"import pandas as pd

df_cells[""width""] = df_cells[""x2""] - df_cells[""x1""]
df_cells[""height""] = df_cells[""y2""] - df_cells[""y1""]
df_cells[""area""] = df_cells[""width""] * df_cells[""height""]"
img2table_lines_cross_join_migration,"import pandas as pd

df_w_l = df_words.merge(df_lines, how='cross')"
img2table_lines_df_lines_creation_migration,"import pandas as pd

df_lines = pd.DataFrame(data=[line.dict for line in lines])
df_lines['length'] = pd.concat([df_lines['width'], df_lines['height']], axis=1).max(axis=1)
df_lines['vertical'] = (df_lines['x1'] == df_lines['x2'])
df_lines['line_id'] = range(len(df_lines))
df_lines.columns = ['x1_line', 'x2_line', 'y1_line', 'y2_line', 'width', 'height', 'length', 'vertical', 'line_id']"
img2table_lines_filter_words_migration,"import pandas as pd

df_words = ocr_df.df[ocr_df.df['class'] == 'ocrx_word']
df_words = df_words[(df_words['confidence'] >= 50) | df_words['confidence'].isna()]"
img2table_lines_groupby_sum_migration,"import pandas as pd

df_inter = (df_w_l.groupby(['line_id', 'length'])
                .agg(intersection=('intersection', np.sum))
                .reset_index()
                )"
img2table_lines_intersection_assignment_migration,"import pandas as pd

df_w_l['intersection'] = (df_w_l['vertical'].astype(int) * vert_int
                              + (1 - df_w_l['vertical'].astype(int)) * hor_int)"
img2table_lines_intersection_formula_migration,"import pandas as pd

vert_int = (
        ((df_w_l['x1_line'] > df_w_l['x1']) & (df_w_l['x1_line'] < df_w_l['x2'])).astype(int)
        * (df_w_l[['y2', 'y2_line']].min(axis=1) - df_w_l[['y1', 'y1_line']].max(axis=1)).clip(0, None)
    )
hor_int = (
        ((df_w_l['y1_line'] > df_w_l['y1']) & (df_w_l['y1_line'] < df_w_l['y2'])).astype(int)
        * (df_w_l[['x2', 'x2_line']].min(axis=1) - df_w_l[['x1', 'x1_line']].max(axis=1)).clip(0, None)
    )"
img2table_lines_intersection_lines_filter_migration,"import pandas as pd

intersecting_lines = df_inter[df_inter['intersection'] / df_inter['length'] > 0.5]['line_id'].values.tolist()"
img2table_aws_textract_concat_lazy_migration,"import pandas as pd

return OCRDataframe(df=pd.concat(list_dfs))"
img2table_aws_textract_list_dfs_migration,"import pandas as pd

list_dfs = map(pd.DataFrame, content)"
azure_ocr_concat_lazy,"import pandas as pd

        return OCRDataframe(df=pd.concat(list_dfs))"
azure_ocr_from_dicts,"import pandas as pd

            list_dfs.append(pd.DataFrame(word_elements))"
img2table_azure_concat_lazy_migration,"import pandas as pd

return OCRDataframe(df=pd.concat(list_dfs))"
img2table_azure_list_dfs_migration,"import pandas as pd

list_dfs.append(pd.DataFrame(word_elements))"
img2table_google_vision_concat_lazy_migration,"import pandas as pd

return OCRDataframe(df=pd.concat(list_dfs))"
img2table_google_vision_list_dfs_migration,"import pandas as pd

list_dfs = map(pd.DataFrame, content)"
img2table_pdf_list_dfs_migration,"import pandas as pd

content_df = pd.concat(map(pd.DataFrame, content))"
tesseract_ocr_concat_lazy,"import pandas as pd

        return OCRDataframe(df=pd.concat(list_dfs))"
tesseract_ocr_from_dicts,"import pandas as pd

            list_dfs.append(pd.DataFrame(list_elements))"
efc0581f_textract_concat_lazy,"import pandas as pd

        return OCRDataframe(df=pd.concat(list_dfs))"
efc0581f_textract_from_dicts,"import pandas as pd

        list_dfs = map(pd.DataFrame, content)"
efc0581f_azure_concat_lazy,"import pandas as pd

        return OCRDataframe(df=pd.concat(list_dfs))"
efc0581f_azure_from_dicts,"import pandas as pd

            list_dfs.append(pd.DataFrame(word_elements))"
efc0581f_data_assign_bbox,"import pandas as pd

        df_words = df_words.assign(**{""x1_bbox"": bbox[0],
                                      ""y1_bbox"": bbox[1],
                                      ""x2_bbox"": bbox[2],
                                      ""y2_bbox"": bbox[3]})
        df_words[""x_left""] = df_words[[""x1"", ""x1_bbox""]].max(axis=1)
        df_words[""y_top""] = df_words[[""y1"", ""y1_bbox""]].max(axis=1)
        df_words[""x_right""] = df_words[[""x2"", ""x2_bbox""]].min(axis=1)
        df_words[""y_bottom""] = df_words[[""y2"", ""y2_bbox""]].min(axis=1)"
efc0581f_data_filter_page,"import pandas as pd

        return OCRDataframe(df=self.df[self.df[""page""] == page_number])"
efc0581f_data_groupby_agg_text,"import pandas as pd

        df_text_parent = (df_words_contained.groupby('parent')
                          .agg(x1=(""x1"", np.min),
                               x2=(""x2"", np.max),
                               y1=(""y1"", np.min),
                               y2=(""y2"", np.max),
                               value=(""value"", lambda x: ' '.join(x)))
                          .sort_values(by=[""y1"", ""x1""]))
        return df_text_parent[""value""].astype(str).str.cat(sep=""\n"").strip() or None"
efc0581f_data_merge_cross,"import pandas as pd
import numpy as np

        df_words = self.df[(self.df[""class""] == ""ocrx_word"")]
        if page_number:
            df_words = df_words[df_words[""page""] == page_number]
        df_words = df_words[df_words[""value""].notnull() & (df_words[""confidence""] >= min_confidence)]

        list_cells = [{""row"": id_row, ""col"": id_col,
                       ""x1_w"": cell.x1, ""x2_w"": cell.x2,
                       ""y1_w"": cell.y1, ""y2_w"": cell.y2}
                      for id_row, row in enumerate(table.items)
                      for id_col, cell in enumerate(row.items)]
        df_cells = pd.DataFrame(list_cells)

        df_word_cells = df_words.merge(df_cells, how=""cross"")

        df_word_cells[""x_left""] = df_word_cells[[""x1"", ""x1_w""]].max(axis=1)
        df_word_cells[""y_top""] = df_word_cells[[""y1"", ""y1_w""]].max(axis=1)
        df_word_cells[""x_right""] = df_word_cells[[""x2"", ""x2_w""]].min(axis=1)
        df_word_cells[""y_bottom""] = df_word_cells[[""y2"", ""y2_w""]].min(axis=1)

        df_word_cells = df_word_cells[df_word_cells[""x_right""] > df_word_cells[""x_left""]]
        df_word_cells = df_word_cells[df_word_cells[""y_bottom""] > df_word_cells[""y_top""]]

        df_text_parent = (df_word_cells
                          .groupby(['row', 'col', 'parent'])
                          .agg(value=(""value"", lambda x: ' '.join(x)))
                          .sort_values(by=[""row"", ""col"", ""y1"", ""x1""])
                          .groupby([""row"", ""col""])
                          .agg(text=(""value"", lambda x: ""
"".join(x) or None))
                          .reset_index())
"
efc0581f_vision_concat_lazy,"import pandas as pd

        return OCRDataframe(df=pd.concat(list_dfs))"
efc0581f_vision_from_dicts,"import pandas as pd

        list_dfs = map(pd.DataFrame, content)"
efc0581f_pdf_concat_lazy,"import pandas as pd

        return OCRDataframe(df=content_df)"
efc0581f_pdf_from_dicts,"import pandas as pd

        content_df = pd.concat(map(pd.DataFrame, content))"
efc0581f_tesseract_concat_lazy,"import pandas as pd

        return OCRDataframe(df=pd.concat(list_dfs))"
efc0581f_tesseract_from_dicts,"import pandas as pd

            list_dfs.append(pd.DataFrame(list_elements))"
efc0581f_tesseract_nan_none,"import pandas as pd

                    d_el[""confidence""] = np.nan"
efc0581f_dedup_nested_cross_join,"import pandas as pd

    df_cross_cells = df_cells.reset_index().merge(df_cells_cp, how='cross')
    df_cross_cells = df_cross_cells[df_cross_cells[""index""] != df_cross_cells[""index_""]]
    df_cross_cells = df_cross_cells[df_cross_cells[""area""] <= df_cross_cells[""area_""]]"
efc0581f_dedup_redundant_filter,"import pandas as pd

    redundant_cells = df_cross_cells[df_cross_cells[""redundant""]]['index_'].drop_duplicates().values.tolist()
    df_final_cells = df_cells.drop(labels=redundant_cells)"
efc0581f_dedup_vertical_sort_cumcount,"import pandas as pd

    df_cells = df_cells.sort_values(by=[""x1"", ""x2"", ""y1"", ""y2""])
    df_cells[""cell_rk""] = df_cells.groupby([""x1"", ""x2"", ""y1""]).cumcount()
    df_cells = df_cells[df_cells[""cell_rk""] == 0]"
efc0581f_ident_explode_cells,"import pandas as pd

    try:
        df_bbox_delimiters = df_bbox_delimiters[df_bbox_delimiters[""dels""].notnull()].explode(column=""dels"").reset_index()
        df_bbox_delimiters[['del1', 'del2']] = pd.DataFrame(df_bbox_delimiters.dels.tolist(), index=df_bbox_delimiters.index)
        df_bbox_delimiters[""x1_bbox""] = df_bbox_delimiters[""del1""]
        df_bbox_delimiters[""x2_bbox""] = df_bbox_delimiters[""del2""]
        df_cells = df_bbox_delimiters[[""x1_bbox"", ""y1_bbox"", ""x2_bbox"", ""y2_bbox""]]
        df_cells.columns = [""x1"", ""y1"", ""x2"", ""y2""]
        return df_cells.reset_index()
    except ValueError:
        return pd.DataFrame(columns=[""index"", ""x1"", ""y1"", ""x2"", ""y2""])"
efc0581f_ident_from_dicts_cross,"import pandas as pd

def get_cells_dataframe(horizontal_lines: List[Line], vertical_lines: List[Line]) -> pd.DataFrame:
    default_df = pd.DataFrame(columns=[""x1"", ""x2"", ""y1"", ""y2"", 'width', ""height""])
    df_h_lines = pd.DataFrame(map(lambda l: l.dict, horizontal_lines)) if horizontal_lines else default_df.copy()
    df_v_lines = pd.DataFrame(map(lambda l: l.dict, vertical_lines)) if vertical_lines else default_df.copy()

    df_h_lines_cp = df_h_lines.copy()
    df_h_lines_cp.columns = [""x1_"", ""x2_"", ""y1_"", ""y2_"", 'width_', ""height_""]

    cross_h_lines = df_h_lines.merge(df_h_lines_cp, how='cross')
    cross_h_lines = cross_h_lines[cross_h_lines[""y1""] < cross_h_lines[""y1_""]]

    cross_h_lines[""l_corresponds""] = (cross_h_lines[""x1""] - cross_h_lines[""x1_""] / cross_h_lines[""width""]).abs() <= 0.02
    cross_h_lines[""r_corresponds""] = (cross_h_lines[""x2""] - cross_h_lines[""x2_""] / cross_h_lines[""width""]).abs() <= 0.02
    cross_h_lines[""l_contained""] = (((cross_h_lines[""x1""] <= cross_h_lines[""x1_""])
                                    & (cross_h_lines[""x1_""] <= cross_h_lines[""x2""]))
                                    | ((cross_h_lines[""x1_""] <= cross_h_lines[""x1""])
                                       & (cross_h_lines[""x1""] <= cross_h_lines[""x2_""])))
    cross_h_lines[""r_contained""] = (((cross_h_lines[""x1""] <= cross_h_lines[""x2_""])
                                     & (cross_h_lines[""x2_""] <= cross_h_lines[""x2""]))
                                    | ((cross_h_lines[""x1_""] <= cross_h_lines[""x2""])
                                       & (cross_h_lines[""x2""] <= cross_h_lines[""x2_""])))

    matching_condition = ((cross_h_lines[""l_corresponds""] | cross_h_lines[""l_contained""])
                          & (cross_h_lines[""r_corresponds""] | cross_h_lines[""r_contained""]))
    cross_h_lines = cross_h_lines[matching_condition]

    cross_h_lines[""x1_bbox""] = cross_h_lines[[""x1"", ""x1_""]].max(axis=1)
    cross_h_lines[""x2_bbox""] = cross_h_lines[[""x2"", ""x2_""]].min(axis=1)
    cross_h_lines[""y1_bbox""] = cross_h_lines[""y1""]
    cross_h_lines[""y2_bbox""] = cross_h_lines[""y1_""]
    df_bbox = cross_h_lines[[""x1_bbox"", ""y1_bbox"", ""x2_bbox"", ""y2_bbox""]].reset_index()

    df_bbox[""h_margin""] = pd.concat([(df_bbox[""x2_bbox""] - df_bbox[""x1_bbox""]) * 0.05,
                                     pd.Series(5.0, index=range(len(df_bbox)))],
                                    axis=1).max(axis=1).round()
    df_bbox_v = df_bbox.merge(df_v_lines, how='cross')

    horizontal_cond = ((df_bbox_v[""x1_bbox""] - df_bbox_v[""h_margin""] <= df_bbox_v[""x1""])
                       & (df_bbox_v[""x2_bbox""] + df_bbox_v[""h_margin""] > + df_bbox_v[""x1""]))
    df_bbox_v = df_bbox_v[horizontal_cond]

    df_bbox_v[""overlapping""] = df_bbox_v[[""y2"", ""y2_bbox""]].min(axis=1) - df_bbox_v[[""y1"", ""y1_bbox""]].max(axis=1)
    df_bbox_v = df_bbox_v[df_bbox_v[""overlapping""] / (df_bbox_v[""y2_bbox""] - df_bbox_v[""y1_bbox""]) >= 0.8]

    df_bbox_delimiters = (df_bbox_v.groupby(['index', ""x1_bbox"", ""x2_bbox"", ""y1_bbox"", ""y2_bbox""])
                          .agg(dels=('x1', lambda x: [bound for bound in zip(sorted(x), sorted(x)[1:])] or None))
                          )

    try:
        df_bbox_delimiters = df_bbox_delimiters[df_bbox_delimiters[""dels""].notnull()].explode(column=""dels"").reset_index()
        df_bbox_delimiters[['del1', 'del2']] = pd.DataFrame(df_bbox_delimiters.dels.tolist(),
                                                            index=df_bbox_delimiters.index)
        df_bbox_delimiters[""x1_bbox""] = df_bbox_delimiters[""del1""]
        df_bbox_delimiters[""x2_bbox""] = df_bbox_delimiters[""del2""]

        df_cells = df_bbox_delimiters[[""x1_bbox"", ""y1_bbox"", ""x2_bbox"", ""y2_bbox""]]
        df_cells.columns = [""x1"", ""y1"", ""x2"", ""y2""]

        return df_cells.reset_index()
    except ValueError:
        return pd.DataFrame(columns=[""index"", ""x1"", ""y1"", ""x2"", ""y2""])
"
efc0581f_ident_with_columns_conditions,"import pandas as pd

    cross_h_lines[""l_corresponds""] = (cross_h_lines[""x1""] - cross_h_lines[""x1_""] / cross_h_lines[""width""]).abs() <= 0.02
    cross_h_lines[""r_corresponds""] = (cross_h_lines[""x2""] - cross_h_lines[""x2_""] / cross_h_lines[""width""]).abs() <= 0.02
    cross_h_lines[""l_contained""] = (((cross_h_lines[""x1""] <= cross_h_lines[""x1_""])
                                    & (cross_h_lines[""x1_""] <= cross_h_lines[""x2""]))
                                    | ((cross_h_lines[""x1_""] <= cross_h_lines[""x1""])
                                       & (cross_h_lines[""x1""] <= cross_h_lines[""x2_""])))
    cross_h_lines[""r_contained""] = (((cross_h_lines[""x1""] <= cross_h_lines[""x2_""])
                                     & (cross_h_lines[""x2_""] <= cross_h_lines[""x2""]))
                                    | ((cross_h_lines[""x1_""] <= cross_h_lines[""x2""])
                                       & (cross_h_lines[""x2""] <= cross_h_lines[""x2_""])))
"
efc0581f_lines_filter_words,"import pandas as pd

    df_words = ocr_df.df[ocr_df.df['class'] == 'ocrx_word']
    df_words = df_words[(df_words['confidence'] >= 50) | df_words['confidence'].isna()]"
efc0581f_lines_from_dicts_lazy,"import pandas as pd

    df_lines = pd.DataFrame(data=[line.dict for line in lines])
    df_lines['length'] = pd.concat([df_lines['width'], df_lines['height']], axis=1).max(axis=1)
    df_lines['vertical'] = (df_lines['x1'] == df_lines['x2'])
    df_lines['line_id'] = range(len(df_lines))
    df_lines.columns = ['x1_line', 'x2_line', 'y1_line', 'y2_line', 'width', 'height', 'length', 'vertical', 'line_id']"
efc0581f_lines_groupby_filter,"import pandas as pd

    df_inter = (df_w_l.groupby(['line_id', 'length'])
                .agg(intersection=('intersection', np.sum))
                .reset_index())
    intersecting_lines = df_inter[df_inter['intersection'] / df_inter['length'] > 0.5]['line_id'].values.tolist()"
a52cebfe_es_update_scaling_factors,"import pandas as pd

        scaling_factors_df = pd.concat(scaling_factors_dfs).set_index(
            [""input_group"", ""obs_key"", ""index""], verify_integrity=True
        )
        ensemble.save_observation_scaling_factors(scaling_factors_df.to_xarray())"
a52cebfe_common_summary_filter,"import pandas as pd

        df = summary_data.to_dataframe()
        df = df.xs(key, level=""name"")
        df.index = df.index.rename(
            {""time"": ""Date"", ""realization"": ""Realization""}
        ).reorder_levels([""Realization"", ""Date""])"
a52cebfe_measured_data_pivot_join,"import pandas as pd


            n_real = len(realizations)
    data = np.vstack([obs_vals, std_vals, resp_vals.reshape(n_real, -1)])
    return pd.DataFrame(
        data,
        index=(""OBS"", ""STD"", *realizations),
        columns=pd.MultiIndex.from_tuples(index_vals),
    )
"
acryo_molecules_translation_copy_migration,"if features is not None:
    features = features.copy()
out = self.__class__(coords, self._rotator, features=features)"
8017f91b_pairwise_cosine_loc,"import pandas as pd

        row_embedding: EmbeddingVector = df.loc[document_id_1].item()
        col_embedding: EmbeddingVector = df.loc[document_id_2].item()"
8017f91b_pairwise_loc_filter,"import pandas as pd

        row_value_list: list[str] = df.loc[document_id_1, colname]
        col_value_list: list[str] = df.loc[document_id_2, colname]"
8017f91b_hybrid_score_frame,"import pandas as pd

def to_frame(language_model_name, citation_to_language_candidates, citation_to_language, language_to_citation_candidates, language_to_citation):
    return pd.DataFrame(
        {
            ""Language Model"": language_model_name,
            ""Citation -> Language Candidates"": round(
                citation_to_language_candidates, ndigits=3
            ),
            ""Citation -> Language Final"": round(citation_to_language, ndigits=3),
            ""Language -> Citation Candidates"": round(
                language_to_citation_candidates, ndigits=3
            ),
            ""Language -> Citation Final"": round(language_to_citation, ndigits=3),
        },
        index=[0],
    )
"
8017f91b_precompute_id_cross_frame,"import pandas as pd

    for d3_document_id in input_df.index:
        if d3_document_id == query_d3_document_id:
            continue
        ..."
8017f91b_input_loc_col,"import pandas as pd

        return cast(str, self.documents_data.loc[d3_document_id, ""semanticscholar_url""])"
8017f91b_input_loc_index_item,"import pandas as pd

            self.documents_data.loc[
                self.documents_data[""semanticscholar_url""] == semanticscholar_url
            ]
            .index.item().item()"
8017f91b_model_data_lang_loc_filter,"import pandas as pd

            self.query_document,
            self.info_matrix.loc[indices],
            self.integer_labels.loc[indices],
            self.cosine_similarity_ranks.loc[indices],"
8017f91b_model_data_loc_filter,"import pandas as pd

            self.query_document,
            self.info_matrix.loc[indices],
            self.integer_labels.loc[indices],
            self.feature_matrix.loc[indices],"
pheval_gene_updater_find_identifier,"import pandas as pd

        if gene_symbol in self.hgnc_data.keys():
            return self.hgnc_data[gene_symbol][self.gene_identifier]
        else:
            for _symbol, data in self.hgnc_data.items():
                for prev_symbol in data[""previous_symbol""]:
                    if prev_symbol == gene_symbol:
                        return data[self.gene_identifier]"
pheval_gene_updater_find_symbol,"import pandas as pd

        return self.identifier_map[query_gene_identifier]"
ultralytics_benchmarks_config,"    pd.options.display.max_columns = 10
    pd.options.display.width = 120"
portfolio_stock_from_pandas,"import pandas as pd

    ticker = yf.Ticker(name)
    df = ticker.history(period=period, interval=interval)
    df['Datetime'] = df.index
    return df"
img2table_pdf_concat_lazy_migration,"import pandas as pd

return OCRDataframe(df=content_df)"
